{
  "project": {
    "url": "https://lgtm.com/projects/b/tcbakes/crud", 
    "url-identifier": "b/tcbakes/crud", 
    "id": 1307320016, 
    "name": "tcbakes/crud"
  }, 
  "data": [
    [
      {
        "url": "https://lgtm.com/projects/b/tcbakes/crud/snapshot/d7ec2ebe1e7f1582f02fa10d8804dfdb2fe6adab/files/pom.xml#L44", 
        "line": 44, 
        "value": "repository", 
        "file": "/pom.xml"
      }, 
      {
        "value": "Downloading or uploading artifacts over insecure protocol (eg. http or ftp) to/from repository http://sdgctgdevrepo.corp.intuit.net/nexus/content/repositories/ENG.CTG.Intuit-Releases"
      }
    ], 
    [
      {
        "url": "https://lgtm.com/projects/b/tcbakes/crud/snapshot/d7ec2ebe1e7f1582f02fa10d8804dfdb2fe6adab/files/pom.xml#L49", 
        "line": 49, 
        "value": "snapshotRepository", 
        "file": "/pom.xml"
      }, 
      {
        "value": "Downloading or uploading artifacts over insecure protocol (eg. http or ftp) to/from repository http://sdgctgdevrepo.corp.intuit.net/nexus/content/repositories/ENG.CTG.Intuit-Snapshots"
      }
    ]
  ], 
  "columns": [
    "repository", 
    "col1"
  ]
}