{
  "project": {
    "url": "https://lgtm.com/projects/g/asascience-open/ncSOS", 
    "url-identifier": "g/asascience-open/ncSOS", 
    "id": 1506738419070, 
    "name": "asascience-open/ncSOS"
  }, 
  "data": [
    [
      {
        "url": "https://lgtm.com/projects/g/asascience-open/ncSOS/snapshot/ad4c63006ab0bd2dce47869d5d7dd3d962ac8439/files/pom.xml#L30", 
        "line": 30, 
        "value": "repository", 
        "file": "/pom.xml"
      }, 
      {
        "value": "Downloading or uploading artifacts over insecure protocol (eg. http or ftp) to/from repository http://maven.asascience.com/maven/thirdparty/"
      }
    ]
  ], 
  "columns": [
    "repository", 
    "col1"
  ]
}