{
  "project": {
    "url": "https://lgtm.com/projects/g/afimb/chouette", 
    "url-identifier": "g/afimb/chouette", 
    "id": 10130067, 
    "name": "afimb/chouette"
  }, 
  "data": [
    [
      {
        "url": "https://lgtm.com/projects/g/afimb/chouette/snapshot/d712050a2105ef8d67af353222fd097a32f6a451/files/pom.xml#L45", 
        "line": 45, 
        "value": "repository", 
        "file": "/pom.xml"
      }, 
      {
        "value": "Downloading or uploading artifacts over insecure protocol (eg. http or ftp) to/from repository http://repository.jboss.org/nexus/content/groups/public/"
      }
    ], 
    [
      {
        "url": "https://lgtm.com/projects/g/afimb/chouette/snapshot/d712050a2105ef8d67af353222fd097a32f6a451/files/pom.xml#L52", 
        "line": 52, 
        "value": "repository", 
        "file": "/pom.xml"
      }, 
      {
        "value": "Downloading or uploading artifacts over insecure protocol (eg. http or ftp) to/from repository http://download.osgeo.org/webdav/geotools/"
      }
    ], 
    [
      {
        "url": "https://lgtm.com/projects/g/afimb/chouette/snapshot/d712050a2105ef8d67af353222fd097a32f6a451/files/pom.xml#L60", 
        "line": 60, 
        "value": "repository", 
        "file": "/pom.xml"
      }, 
      {
        "value": "Downloading or uploading artifacts over insecure protocol (eg. http or ftp) to/from repository http://maven.chouette.mobi/"
      }
    ]
  ], 
  "columns": [
    "repository", 
    "col1"
  ]
}