{
  "project": {
    "url": "https://lgtm.com/projects/g/apache/drill", 
    "url-identifier": "g/apache/drill", 
    "id": 15110055, 
    "name": "apache/drill"
  }, 
  "data": [
    [
      {
        "url": "https://lgtm.com/projects/g/apache/drill/snapshot/183d0d73d2fb5d6635b85f0a6722381b67c35fb1/files/exec/jdbc-all/pom.xml#L556", 
        "line": 556, 
        "value": "pluginRepository", 
        "file": "/exec/jdbc-all/pom.xml"
      }, 
      {
        "value": "Downloading or uploading artifacts over insecure protocol (eg. http or ftp) to/from repository http://onejar-maven-plugin.googlecode.com/svn/mavenrepo"
      }
    ], 
    [
      {
        "url": "https://lgtm.com/projects/g/apache/drill/snapshot/183d0d73d2fb5d6635b85f0a6722381b67c35fb1/files/exec/jdbc-all/pom.xml#L560", 
        "line": 560, 
        "value": "pluginRepository", 
        "file": "/exec/jdbc-all/pom.xml"
      }, 
      {
        "value": "Downloading or uploading artifacts over insecure protocol (eg. http or ftp) to/from repository http://scala-tools.org/repo-releases"
      }
    ], 
    [
      {
        "url": "https://lgtm.com/projects/g/apache/drill/snapshot/183d0d73d2fb5d6635b85f0a6722381b67c35fb1/files/pom.xml#L155", 
        "line": 155, 
        "value": "repository", 
        "file": "/pom.xml"
      }, 
      {
        "value": "Downloading or uploading artifacts over insecure protocol (eg. http or ftp) to/from repository http://conjars.org/repo"
      }
    ], 
    [
      {
        "url": "https://lgtm.com/projects/g/apache/drill/snapshot/183d0d73d2fb5d6635b85f0a6722381b67c35fb1/files/pom.xml#L170", 
        "line": 170, 
        "value": "repository", 
        "file": "/pom.xml"
      }, 
      {
        "value": "Downloading or uploading artifacts over insecure protocol (eg. http or ftp) to/from repository http://repository.mapr.com/maven/"
      }
    ], 
    [
      {
        "url": "https://lgtm.com/projects/g/apache/drill/snapshot/183d0d73d2fb5d6635b85f0a6722381b67c35fb1/files/pom.xml#L3580", 
        "line": 3580, 
        "value": "repository", 
        "file": "/pom.xml"
      }, 
      {
        "value": "Downloading or uploading artifacts over insecure protocol (eg. http or ftp) to/from repository http://repo.hortonworks.com/content/repositories/releases"
      }
    ]
  ], 
  "columns": [
    "repository", 
    "col1"
  ]
}