{
  "project": {
    "url": "https://lgtm.com/projects/g/apache/hadoop-common", 
    "url-identifier": "g/apache/hadoop-common", 
    "id": 1792430556, 
    "name": "apache/hadoop-common"
  }, 
  "data": [
    [
      {
        "url": "https://lgtm.com/projects/g/apache/hadoop-common/snapshot/4785667216db13f6cbb1d836947c57f0cd38f21d/files/pom.xml#L60", 
        "line": 60, 
        "value": "repository", 
        "file": "/pom.xml"
      }, 
      {
        "value": "Downloading or uploading artifacts over insecure protocol (eg. http or ftp) to/from repository http://repository.jboss.org/nexus/content/groups/public/"
      }
    ]
  ], 
  "columns": [
    "repository", 
    "col1"
  ]
}