{
  "project": {
    "url": "https://lgtm.com/projects/g/apache/tuscany-das", 
    "url-identifier": "g/apache/tuscany-das", 
    "id": 1506238188678, 
    "name": "apache/tuscany-das"
  }, 
  "data": [
    [
      {
        "url": "https://lgtm.com/projects/g/apache/tuscany-das/snapshot/ec578384a0acd46afb0e8ca78f6ca592c1a341ea/files/pom.xml#L46", 
        "line": 46, 
        "value": "repository", 
        "file": "/pom.xml"
      }, 
      {
        "value": "Downloading or uploading artifacts over insecure protocol (eg. http or ftp) to/from repository http://people.apache.org/repo/m2-snapshot-repository"
      }
    ], 
    [
      {
        "url": "https://lgtm.com/projects/g/apache/tuscany-das/snapshot/ec578384a0acd46afb0e8ca78f6ca592c1a341ea/files/pom.xml#L57", 
        "line": 57, 
        "value": "repository", 
        "file": "/pom.xml"
      }, 
      {
        "value": "Downloading or uploading artifacts over insecure protocol (eg. http or ftp) to/from repository http://people.apache.org/repo/m2-incubating-repository/"
      }
    ]
  ], 
  "columns": [
    "repository", 
    "col1"
  ]
}