{
  "project": {
    "url": "https://lgtm.com/projects/g/asitang/tika_pdf_celgene", 
    "url-identifier": "g/asitang/tika_pdf_celgene", 
    "id": 1507188986266, 
    "name": "asitang/tika_pdf_celgene"
  }, 
  "data": [
    [
      {
        "url": "https://lgtm.com/projects/g/asitang/tika_pdf_celgene/snapshot/b0c1c6d3df8e063a9c62ce65fa9bf37c9fdf9a17/files/tika-server/pom.xml#L35", 
        "line": 35, 
        "value": "pluginRepository", 
        "file": "/tika-server/pom.xml"
      }, 
      {
        "value": "Downloading or uploading artifacts over insecure protocol (eg. http or ftp) to/from repository http://nexus.qmino.com/content/repositories/miredot"
      }
    ]
  ], 
  "columns": [
    "repository", 
    "col1"
  ]
}