{
  "project": {
    "url": "https://lgtm.com/projects/g/bignerdranch/jenkins-android-signing", 
    "url-identifier": "g/bignerdranch/jenkins-android-signing", 
    "id": 1506612489775, 
    "name": "bignerdranch/jenkins-android-signing"
  }, 
  "data": [
    [
      {
        "url": "https://lgtm.com/projects/g/bignerdranch/jenkins-android-signing/snapshot/b9f430d2c4757d93532857bebe23ce39b7fbc32f/files/pom.xml#L23", 
        "line": 23, 
        "value": "repository", 
        "file": "/pom.xml"
      }, 
      {
        "value": "Downloading or uploading artifacts over insecure protocol (eg. http or ftp) to/from repository http://maven.jenkins-ci.org:8081/content/repositories/releases/"
      }
    ], 
    [
      {
        "url": "https://lgtm.com/projects/g/bignerdranch/jenkins-android-signing/snapshot/b9f430d2c4757d93532857bebe23ce39b7fbc32f/files/pom.xml#L46", 
        "line": 46, 
        "value": "repository", 
        "file": "/pom.xml"
      }, 
      {
        "value": "Downloading or uploading artifacts over insecure protocol (eg. http or ftp) to/from repository http://repo.jenkins-ci.org/public/"
      }
    ], 
    [
      {
        "url": "https://lgtm.com/projects/g/bignerdranch/jenkins-android-signing/snapshot/b9f430d2c4757d93532857bebe23ce39b7fbc32f/files/pom.xml#L53", 
        "line": 53, 
        "value": "pluginRepository", 
        "file": "/pom.xml"
      }, 
      {
        "value": "Downloading or uploading artifacts over insecure protocol (eg. http or ftp) to/from repository http://repo.jenkins-ci.org/public/"
      }
    ]
  ], 
  "columns": [
    "repository", 
    "col1"
  ]
}