{
  "project": {
    "url": "https://lgtm.com/projects/g/bhurling/bitbucket-approve-plugin", 
    "url-identifier": "g/bhurling/bitbucket-approve-plugin", 
    "id": 1506575760858, 
    "name": "bhurling/bitbucket-approve-plugin"
  }, 
  "data": [
    [
      {
        "url": "https://lgtm.com/projects/g/bhurling/bitbucket-approve-plugin/snapshot/0938b8cc49c5f55a8e95320b76d125ec0f8a02a0/files/pom.xml#L45", 
        "line": 45, 
        "value": "repository", 
        "file": "/pom.xml"
      }, 
      {
        "value": "Downloading or uploading artifacts over insecure protocol (eg. http or ftp) to/from repository http://repo.jenkins-ci.org/public/"
      }
    ], 
    [
      {
        "url": "https://lgtm.com/projects/g/bhurling/bitbucket-approve-plugin/snapshot/0938b8cc49c5f55a8e95320b76d125ec0f8a02a0/files/pom.xml#L52", 
        "line": 52, 
        "value": "pluginRepository", 
        "file": "/pom.xml"
      }, 
      {
        "value": "Downloading or uploading artifacts over insecure protocol (eg. http or ftp) to/from repository http://repo.jenkins-ci.org/public/"
      }
    ]
  ], 
  "columns": [
    "repository", 
    "col1"
  ]
}