{
  "project": {
    "url": "https://lgtm.com/projects/g/bcvsolutions/forest-index", 
    "url-identifier": "g/bcvsolutions/forest-index", 
    "id": 1506689036852, 
    "name": "bcvsolutions/forest-index"
  }, 
  "data": [
    [
      {
        "url": "https://lgtm.com/projects/g/bcvsolutions/forest-index/snapshot/c4e2e7e0a3294798eee61e7108583da781f32d93/files/pom.xml#L84", 
        "line": 84, 
        "value": "repository", 
        "file": "/pom.xml"
      }, 
      {
        "value": "Downloading or uploading artifacts over insecure protocol (eg. http or ftp) to/from repository http://jcenter.bintray.com"
      }
    ]
  ], 
  "columns": [
    "repository", 
    "col1"
  ]
}