{
  "project": {
    "url": "https://lgtm.com/projects/g/barchart/barchart-jenkins-cascade-plugin", 
    "url-identifier": "g/barchart/barchart-jenkins-cascade-plugin", 
    "id": 1506615127014, 
    "name": "barchart/barchart-jenkins-cascade-plugin"
  }, 
  "data": [
    [
      {
        "url": "https://lgtm.com/projects/g/barchart/barchart-jenkins-cascade-plugin/snapshot/5fd5752ec4cbfde4880a1eaca563c864c8bce564/files/pom.xml#L42", 
        "line": 42, 
        "value": "repository", 
        "file": "/pom.xml"
      }, 
      {
        "value": "Downloading or uploading artifacts over insecure protocol (eg. http or ftp) to/from repository http://repo.jenkins-ci.org/public/"
      }
    ], 
    [
      {
        "url": "https://lgtm.com/projects/g/barchart/barchart-jenkins-cascade-plugin/snapshot/5fd5752ec4cbfde4880a1eaca563c864c8bce564/files/pom.xml#L48", 
        "line": 48, 
        "value": "pluginRepository", 
        "file": "/pom.xml"
      }, 
      {
        "value": "Downloading or uploading artifacts over insecure protocol (eg. http or ftp) to/from repository http://repo.jenkins-ci.org/public/"
      }
    ]
  ], 
  "columns": [
    "repository", 
    "col1"
  ]
}