{
  "project": {
    "url": "https://lgtm.com/projects/g/corydissinger/raw4j", 
    "url-identifier": "g/corydissinger/raw4j", 
    "id": 40590073, 
    "name": "corydissinger/raw4j"
  }, 
  "data": [
    [
      {
        "url": "https://lgtm.com/projects/g/corydissinger/raw4j/snapshot/0af2f5184340a5670fa1c5125edc200f47c51fae/files/pom.xml#L17", 
        "line": 17, 
        "value": "repository", 
        "file": "/pom.xml"
      }, 
      {
        "value": "Downloading or uploading artifacts over insecure protocol (eg. http or ftp) to/from repository http://download.java.net/maven/2"
      }
    ]
  ], 
  "columns": [
    "repository", 
    "col1"
  ]
}