{
  "project": {
    "url": "https://lgtm.com/projects/g/cschneider/Karaf-Tutorial", 
    "url-identifier": "g/cschneider/Karaf-Tutorial", 
    "id": 12070002, 
    "name": "cschneider/Karaf-Tutorial"
  }, 
  "data": [
    [
      {
        "url": "https://lgtm.com/projects/g/cschneider/Karaf-Tutorial/snapshot/116c58310ad1bfbb6e7cf1e03b598dacb44485b4/files/camel/jms2rest/pom.xml#L31", 
        "line": 31, 
        "value": "repository", 
        "file": "/camel/jms2rest/pom.xml"
      }, 
      {
        "value": "Downloading or uploading artifacts over insecure protocol (eg. http or ftp) to/from repository http://repository.apache.org/snapshots/"
      }
    ], 
    [
      {
        "url": "https://lgtm.com/projects/g/cschneider/Karaf-Tutorial/snapshot/116c58310ad1bfbb6e7cf1e03b598dacb44485b4/files/vaadin/tasklist-ui-vaadin/pom.xml#L42", 
        "line": 42, 
        "value": "repository", 
        "file": "/vaadin/tasklist-ui-vaadin/pom.xml"
      }, 
      {
        "value": "Downloading or uploading artifacts over insecure protocol (eg. http or ftp) to/from repository http://maven.vaadin.com/vaadin-addons"
      }
    ], 
    [
      {
        "url": "https://lgtm.com/projects/g/cschneider/Karaf-Tutorial/snapshot/116c58310ad1bfbb6e7cf1e03b598dacb44485b4/files/vaadin/vaadinbridge/pom.xml#L43", 
        "line": 43, 
        "value": "repository", 
        "file": "/vaadin/vaadinbridge/pom.xml"
      }, 
      {
        "value": "Downloading or uploading artifacts over insecure protocol (eg. http or ftp) to/from repository http://maven.vaadin.com/vaadin-addons"
      }
    ]
  ], 
  "columns": [
    "repository", 
    "col1"
  ]
}