{
  "project": {
    "url": "https://lgtm.com/projects/g/Comcast/flume2storm", 
    "url-identifier": "g/Comcast/flume2storm", 
    "id": 1506577757270, 
    "name": "Comcast/flume2storm"
  }, 
  "data": [
    [
      {
        "url": "https://lgtm.com/projects/g/Comcast/flume2storm/snapshot/2c047491fe63ea6bb41463203303700812789b13/files/pom.xml#L89", 
        "line": 89, 
        "value": "repository", 
        "file": "/pom.xml"
      }, 
      {
        "value": "Downloading or uploading artifacts over insecure protocol (eg. http or ftp) to/from repository http://repo1.maven.org/maven2"
      }
    ], 
    [
      {
        "url": "https://lgtm.com/projects/g/Comcast/flume2storm/snapshot/2c047491fe63ea6bb41463203303700812789b13/files/pom.xml#L94", 
        "line": 94, 
        "value": "repository", 
        "file": "/pom.xml"
      }, 
      {
        "value": "Downloading or uploading artifacts over insecure protocol (eg. http or ftp) to/from repository http://clojars.org/repo"
      }
    ], 
    [
      {
        "url": "https://lgtm.com/projects/g/Comcast/flume2storm/snapshot/2c047491fe63ea6bb41463203303700812789b13/files/pom.xml#L101", 
        "line": 101, 
        "value": "pluginRepository", 
        "file": "/pom.xml"
      }, 
      {
        "value": "Downloading or uploading artifacts over insecure protocol (eg. http or ftp) to/from repository http://repo1.maven.org/maven2"
      }
    ]
  ], 
  "columns": [
    "repository", 
    "col1"
  ]
}