{
  "project": {
    "url": "https://lgtm.com/projects/g/crate/elasticsearch-timefacets-plugin", 
    "url-identifier": "g/crate/elasticsearch-timefacets-plugin", 
    "id": 1506597286152, 
    "name": "crate/elasticsearch-timefacets-plugin"
  }, 
  "data": [
    [
      {
        "url": "https://lgtm.com/projects/g/crate/elasticsearch-timefacets-plugin/snapshot/f44c51916766b8ea02c2db4a4a3ab0585c93415e/files/pom.xml#L49", 
        "line": 49, 
        "value": "repository", 
        "file": "/pom.xml"
      }, 
      {
        "value": "Downloading or uploading artifacts over insecure protocol (eg. http or ftp) to/from repository http://oss.sonatype.org/content/repositories/releases/"
      }
    ]
  ], 
  "columns": [
    "repository", 
    "col1"
  ]
}