{
  "project": {
    "url": "https://lgtm.com/projects/g/conveyal/gtfs-validator", 
    "url-identifier": "g/conveyal/gtfs-validator", 
    "id": 1507590896090, 
    "name": "conveyal/gtfs-validator"
  }, 
  "data": [
    [
      {
        "url": "https://lgtm.com/projects/g/conveyal/gtfs-validator/snapshot/20bc197dd11d9b2a02e1792b22b36380c3aded25/files/pom.xml#L10", 
        "line": 10, 
        "value": "repository", 
        "file": "/pom.xml"
      }, 
      {
        "value": "Downloading or uploading artifacts over insecure protocol (eg. http or ftp) to/from repository http://nexus.onebusaway.org/content/repositories/releases/"
      }
    ], 
    [
      {
        "url": "https://lgtm.com/projects/g/conveyal/gtfs-validator/snapshot/20bc197dd11d9b2a02e1792b22b36380c3aded25/files/pom.xml#L16", 
        "line": 16, 
        "value": "repository", 
        "file": "/pom.xml"
      }, 
      {
        "value": "Downloading or uploading artifacts over insecure protocol (eg. http or ftp) to/from repository http://download.osgeo.org/webdav/geotools/"
      }
    ], 
    [
      {
        "url": "https://lgtm.com/projects/g/conveyal/gtfs-validator/snapshot/20bc197dd11d9b2a02e1792b22b36380c3aded25/files/pom.xml#L21", 
        "line": 21, 
        "value": "repository", 
        "file": "/pom.xml"
      }, 
      {
        "value": "Downloading or uploading artifacts over insecure protocol (eg. http or ftp) to/from repository http://svn2.camsys.com/archiva/repository/releases/"
      }
    ], 
    [
      {
        "url": "https://lgtm.com/projects/g/conveyal/gtfs-validator/snapshot/20bc197dd11d9b2a02e1792b22b36380c3aded25/files/pom.xml#L31", 
        "line": 31, 
        "value": "repository", 
        "file": "/pom.xml"
      }, 
      {
        "value": "Downloading or uploading artifacts over insecure protocol (eg. http or ftp) to/from repository http://svn2.camsys.com/archiva/repository/snapshots/"
      }
    ], 
    [
      {
        "url": "https://lgtm.com/projects/g/conveyal/gtfs-validator/snapshot/20bc197dd11d9b2a02e1792b22b36380c3aded25/files/pom.xml#L56", 
        "line": 56, 
        "value": "repository", 
        "file": "/pom.xml"
      }, 
      {
        "value": "Downloading or uploading artifacts over insecure protocol (eg. http or ftp) to/from repository http://nexus.onebusaway.org/content/repositories/releases/"
      }
    ], 
    [
      {
        "url": "https://lgtm.com/projects/g/conveyal/gtfs-validator/snapshot/20bc197dd11d9b2a02e1792b22b36380c3aded25/files/pom.xml#L60", 
        "line": 60, 
        "value": "snapshotRepository", 
        "file": "/pom.xml"
      }, 
      {
        "value": "Downloading or uploading artifacts over insecure protocol (eg. http or ftp) to/from repository http://nexus.onebusaway.org/content/repositories/snapshots/"
      }
    ]
  ], 
  "columns": [
    "repository", 
    "col1"
  ]
}