{
  "project": {
    "url": "https://lgtm.com/projects/g/EaseTech/easytest-core", 
    "url-identifier": "g/EaseTech/easytest-core", 
    "id": 55970085, 
    "name": "EaseTech/easytest-core"
  }, 
  "data": [
    [
      {
        "url": "https://lgtm.com/projects/g/EaseTech/easytest-core/snapshot/09d81d2477052ca3e280e1d7eaf89020f2ed9c58/files/pom.xml#L55", 
        "line": 55, 
        "value": "repository", 
        "file": "/pom.xml"
      }, 
      {
        "value": "Downloading or uploading artifacts over insecure protocol (eg. http or ftp) to/from repository http://download.java.net/maven/2"
      }
    ], 
    [
      {
        "url": "https://lgtm.com/projects/g/EaseTech/easytest-core/snapshot/09d81d2477052ca3e280e1d7eaf89020f2ed9c58/files/pom.xml#L62", 
        "line": 62, 
        "value": "pluginRepository", 
        "file": "/pom.xml"
      }, 
      {
        "value": "Downloading or uploading artifacts over insecure protocol (eg. http or ftp) to/from repository http://download.java.net/maven/2"
      }
    ]
  ], 
  "columns": [
    "repository", 
    "col1"
  ]
}