{
  "project": {
    "url": "https://lgtm.com/projects/g/easylo/composer-security-checker-plugin", 
    "url-identifier": "g/easylo/composer-security-checker-plugin", 
    "id": 1509198446388, 
    "name": "easylo/composer-security-checker-plugin"
  }, 
  "data": [
    [
      {
        "url": "https://lgtm.com/projects/g/easylo/composer-security-checker-plugin/snapshot/04e5be608d736d571a070c0a21b535714df9cac0/files/pom.xml#L41", 
        "line": 41, 
        "value": "repository", 
        "file": "/pom.xml"
      }, 
      {
        "value": "Downloading or uploading artifacts over insecure protocol (eg. http or ftp) to/from repository http://repo.jenkins-ci.org/public/"
      }
    ], 
    [
      {
        "url": "https://lgtm.com/projects/g/easylo/composer-security-checker-plugin/snapshot/04e5be608d736d571a070c0a21b535714df9cac0/files/pom.xml#L48", 
        "line": 48, 
        "value": "pluginRepository", 
        "file": "/pom.xml"
      }, 
      {
        "value": "Downloading or uploading artifacts over insecure protocol (eg. http or ftp) to/from repository http://repo.jenkins-ci.org/public/"
      }
    ], 
    [
      {
        "url": "https://lgtm.com/projects/g/easylo/composer-security-checker-plugin/snapshot/04e5be608d736d571a070c0a21b535714df9cac0/files/pom.xml#L81", 
        "line": 81, 
        "value": "repository", 
        "file": "/pom.xml"
      }, 
      {
        "value": "Downloading or uploading artifacts over insecure protocol (eg. http or ftp) to/from repository http://maven.jenkins-ci.org:8081/content/repositories/releases/"
      }
    ]
  ], 
  "columns": [
    "repository", 
    "col1"
  ]
}