{
  "project": {
    "url": "https://lgtm.com/projects/g/eclipsesource/jshint-eclipse", 
    "url-identifier": "g/eclipsesource/jshint-eclipse", 
    "id": 105604347, 
    "name": "eclipsesource/jshint-eclipse"
  }, 
  "data": [
    [
      {
        "url": "https://lgtm.com/projects/g/eclipsesource/jshint-eclipse/snapshot/ba3506a79ac2ad4030b56dadd8a6dad9271e482c/files/pom.xml#L34", 
        "line": 34, 
        "value": "repository", 
        "file": "/pom.xml"
      }, 
      {
        "value": "Downloading or uploading artifacts over insecure protocol (eg. http or ftp) to/from repository http://download.eclipse.org/releases/mars/"
      }
    ], 
    [
      {
        "url": "https://lgtm.com/projects/g/eclipsesource/jshint-eclipse/snapshot/ba3506a79ac2ad4030b56dadd8a6dad9271e482c/files/pom.xml#L39", 
        "line": 39, 
        "value": "repository", 
        "file": "/pom.xml"
      }, 
      {
        "value": "Downloading or uploading artifacts over insecure protocol (eg. http or ftp) to/from repository http://download.eclipse.org/tools/orbit/downloads/drops/R20150821153341/repository/"
      }
    ], 
    [
      {
        "url": "https://lgtm.com/projects/g/eclipsesource/jshint-eclipse/snapshot/ba3506a79ac2ad4030b56dadd8a6dad9271e482c/files/pom.xml#L44", 
        "line": 44, 
        "value": "repository", 
        "file": "/pom.xml"
      }, 
      {
        "value": "Downloading or uploading artifacts over insecure protocol (eg. http or ftp) to/from repository http://download.eclipse.org/technology/swtbot/releases/2.3.0/"
      }
    ], 
    [
      {
        "url": "https://lgtm.com/projects/g/eclipsesource/jshint-eclipse/snapshot/ba3506a79ac2ad4030b56dadd8a6dad9271e482c/files/pom.xml#L49", 
        "line": 49, 
        "value": "repository", 
        "file": "/pom.xml"
      }, 
      {
        "value": "Downloading or uploading artifacts over insecure protocol (eg. http or ftp) to/from repository http://download.eclipsesource.com/~rsternberg/mockito-all/"
      }
    ]
  ], 
  "columns": [
    "repository", 
    "col1"
  ]
}