{
  "project": {
    "url": "https://lgtm.com/projects/g/fluorumlabs/async-manager", 
    "url-identifier": "g/fluorumlabs/async-manager", 
    "id": 1509448396162, 
    "name": "fluorumlabs/async-manager"
  }, 
  "data": [
    [
      {
        "url": "https://lgtm.com/projects/g/fluorumlabs/async-manager/snapshot/59db9e158f37e9b8e3ad61301615c2978e9dcd2d/files/pom.xml#L43", 
        "line": 43, 
        "value": "repository", 
        "file": "/pom.xml"
      }, 
      {
        "value": "Downloading or uploading artifacts over insecure protocol (eg. http or ftp) to/from repository http://maven.vaadin.com/vaadin-addons"
      }
    ], 
    [
      {
        "url": "https://lgtm.com/projects/g/fluorumlabs/async-manager/snapshot/59db9e158f37e9b8e3ad61301615c2978e9dcd2d/files/pom.xml#L47", 
        "line": 47, 
        "value": "repository", 
        "file": "/pom.xml"
      }, 
      {
        "value": "Downloading or uploading artifacts over insecure protocol (eg. http or ftp) to/from repository http://maven.vaadin.com/vaadin-prereleases"
      }
    ]
  ], 
  "columns": [
    "repository", 
    "col1"
  ]
}