{
  "project": {
    "url": "https://lgtm.com/projects/g/fletchto99/Chrome-Password-Dumper", 
    "url-identifier": "g/fletchto99/Chrome-Password-Dumper", 
    "id": 1506604988769, 
    "name": "fletchto99/Chrome-Password-Dumper"
  }, 
  "data": [
    [
      {
        "url": "https://lgtm.com/projects/g/fletchto99/Chrome-Password-Dumper/snapshot/68c034e5d44f56f78a411c785a98ac1291720fd9/files/pom.xml#L27", 
        "line": 27, 
        "value": "repository", 
        "file": "/pom.xml"
      }, 
      {
        "value": "Downloading or uploading artifacts over insecure protocol (eg. http or ftp) to/from repository http://repo1.maven.org/maven2/org/xerial/sqlite-jdbc/"
      }
    ]
  ], 
  "columns": [
    "repository", 
    "col1"
  ]
}