{
  "project": {
    "url": "https://lgtm.com/projects/g/GoClipse/goclipse", 
    "url-identifier": "g/GoClipse/goclipse", 
    "id": 6850039, 
    "name": "GoClipse/goclipse"
  }, 
  "data": [
    [
      {
        "url": "https://lgtm.com/projects/g/GoClipse/goclipse/snapshot/84c01a02cc17b726f5a6ddfef0bbfa0a295d44b4/files/pom.xml#L49", 
        "line": 49, 
        "value": "repository", 
        "file": "/pom.xml"
      }, 
      {
        "value": "Downloading or uploading artifacts over insecure protocol (eg. http or ftp) to/from repository http://download.eclipse.org/releases/neon"
      }
    ], 
    [
      {
        "url": "https://lgtm.com/projects/g/GoClipse/goclipse/snapshot/84c01a02cc17b726f5a6ddfef0bbfa0a295d44b4/files/pom.xml#L54", 
        "line": 54, 
        "value": "repository", 
        "file": "/pom.xml"
      }, 
      {
        "value": "Downloading or uploading artifacts over insecure protocol (eg. http or ftp) to/from repository http://archive.eclipse.org/tools/orbit/downloads/drops/R20160520211859/repository/"
      }
    ]
  ], 
  "columns": [
    "repository", 
    "col1"
  ]
}