{
  "project": {
    "url": "https://lgtm.com/projects/g/idugalic/reactive-company", 
    "url-identifier": "g/idugalic/reactive-company", 
    "id": 1969960162, 
    "name": "idugalic/reactive-company"
  }, 
  "data": [
    [
      {
        "url": "https://lgtm.com/projects/g/idugalic/reactive-company/snapshot/b51ca9997b8901800e9a1a75c6577d1182a2aa97/files/pom.xml#L188", 
        "line": 188, 
        "value": "repository", 
        "file": "/pom.xml"
      }, 
      {
        "value": "Downloading or uploading artifacts over insecure protocol (eg. http or ftp) to/from repository http://maven.idugalic.pro/artifactory/local-repository"
      }
    ], 
    [
      {
        "url": "https://lgtm.com/projects/g/idugalic/reactive-company/snapshot/b51ca9997b8901800e9a1a75c6577d1182a2aa97/files/pom.xml#L193", 
        "line": 193, 
        "value": "snapshotRepository", 
        "file": "/pom.xml"
      }, 
      {
        "value": "Downloading or uploading artifacts over insecure protocol (eg. http or ftp) to/from repository http://maven.idugalic.pro/artifactory/local-repository"
      }
    ]
  ], 
  "columns": [
    "repository", 
    "col1"
  ]
}