{
  "project": {
    "url": "https://lgtm.com/projects/g/jenkinsci/chromedriver-plugin", 
    "url-identifier": "g/jenkinsci/chromedriver-plugin", 
    "id": 1506597028720, 
    "name": "jenkinsci/chromedriver-plugin"
  }, 
  "data": [
    [
      {
        "url": "https://lgtm.com/projects/g/jenkinsci/chromedriver-plugin/snapshot/45c18d860fdf47ea7679e9abfe787c6e14fca4a9/files/pom.xml#L16", 
        "line": 16, 
        "value": "repository", 
        "file": "/pom.xml"
      }, 
      {
        "value": "Downloading or uploading artifacts over insecure protocol (eg. http or ftp) to/from repository http://repo.jenkins-ci.org/public/"
      }
    ], 
    [
      {
        "url": "https://lgtm.com/projects/g/jenkinsci/chromedriver-plugin/snapshot/45c18d860fdf47ea7679e9abfe787c6e14fca4a9/files/pom.xml#L23", 
        "line": 23, 
        "value": "pluginRepository", 
        "file": "/pom.xml"
      }, 
      {
        "value": "Downloading or uploading artifacts over insecure protocol (eg. http or ftp) to/from repository http://repo.jenkins-ci.org/public/"
      }
    ]
  ], 
  "columns": [
    "repository", 
    "col1"
  ]
}