{
  "project": {
    "url": "https://lgtm.com/projects/g/jenkinsci/concurrent-run-blocker-plugin", 
    "url-identifier": "g/jenkinsci/concurrent-run-blocker-plugin", 
    "id": 1509225876047, 
    "name": "jenkinsci/concurrent-run-blocker-plugin"
  }, 
  "data": [
    [
      {
        "url": "https://lgtm.com/projects/g/jenkinsci/concurrent-run-blocker-plugin/snapshot/4d79aa3a17135d3004bce16754ad66c7d1da3fcc/files/pom.xml#L16", 
        "line": 16, 
        "value": "repository", 
        "file": "/pom.xml"
      }, 
      {
        "value": "Downloading or uploading artifacts over insecure protocol (eg. http or ftp) to/from repository http://repo.jenkins-ci.org/public/"
      }
    ], 
    [
      {
        "url": "https://lgtm.com/projects/g/jenkinsci/concurrent-run-blocker-plugin/snapshot/4d79aa3a17135d3004bce16754ad66c7d1da3fcc/files/pom.xml#L23", 
        "line": 23, 
        "value": "pluginRepository", 
        "file": "/pom.xml"
      }, 
      {
        "value": "Downloading or uploading artifacts over insecure protocol (eg. http or ftp) to/from repository http://repo.jenkins-ci.org/public/"
      }
    ]
  ], 
  "columns": [
    "repository", 
    "col1"
  ]
}