{
  "project": {
    "url": "https://lgtm.com/projects/g/julianhyde/linq4j", 
    "url-identifier": "g/julianhyde/linq4j", 
    "id": 48750007, 
    "name": "julianhyde/linq4j"
  }, 
  "data": [
    [
      {
        "url": "https://lgtm.com/projects/g/julianhyde/linq4j/snapshot/f0c85db11f0e3e455d2e54eefda10d631cafc478/files/pom.xml#L48", 
        "line": 48, 
        "value": "repository", 
        "file": "/pom.xml"
      }, 
      {
        "value": "Downloading or uploading artifacts over insecure protocol (eg. http or ftp) to/from repository http://conjars.org/repo"
      }
    ]
  ], 
  "columns": [
    "repository", 
    "col1"
  ]
}