{
  "project": {
    "url": "https://lgtm.com/projects/g/jenkinsci/boot-clj-plugin", 
    "url-identifier": "g/jenkinsci/boot-clj-plugin", 
    "id": 1509200439680, 
    "name": "jenkinsci/boot-clj-plugin"
  }, 
  "data": [
    [
      {
        "url": "https://lgtm.com/projects/g/jenkinsci/boot-clj-plugin/snapshot/08eed3dfc672deb64ca6085c80b4d42b3e7eb7c5/files/pom.xml#L57", 
        "line": 57, 
        "value": "repository", 
        "file": "/pom.xml"
      }, 
      {
        "value": "Downloading or uploading artifacts over insecure protocol (eg. http or ftp) to/from repository http://repo.jenkins-ci.org/public/"
      }
    ], 
    [
      {
        "url": "https://lgtm.com/projects/g/jenkinsci/boot-clj-plugin/snapshot/08eed3dfc672deb64ca6085c80b4d42b3e7eb7c5/files/pom.xml#L64", 
        "line": 64, 
        "value": "pluginRepository", 
        "file": "/pom.xml"
      }, 
      {
        "value": "Downloading or uploading artifacts over insecure protocol (eg. http or ftp) to/from repository http://repo.jenkins-ci.org/public/"
      }
    ]
  ], 
  "columns": [
    "repository", 
    "col1"
  ]
}