{
  "project": {
    "url": "https://lgtm.com/projects/g/jenkinsci/exclusion-plugin", 
    "url-identifier": "g/jenkinsci/exclusion-plugin", 
    "id": 1509200586045, 
    "name": "jenkinsci/exclusion-plugin"
  }, 
  "data": [
    [
      {
        "url": "https://lgtm.com/projects/g/jenkinsci/exclusion-plugin/snapshot/48f935875555d868fa521d325079c31ab80d0119/files/pom.xml#L44", 
        "line": 44, 
        "value": "repository", 
        "file": "/pom.xml"
      }, 
      {
        "value": "Downloading or uploading artifacts over insecure protocol (eg. http or ftp) to/from repository http://repo.jenkins-ci.org/public/"
      }
    ], 
    [
      {
        "url": "https://lgtm.com/projects/g/jenkinsci/exclusion-plugin/snapshot/48f935875555d868fa521d325079c31ab80d0119/files/pom.xml#L51", 
        "line": 51, 
        "value": "pluginRepository", 
        "file": "/pom.xml"
      }, 
      {
        "value": "Downloading or uploading artifacts over insecure protocol (eg. http or ftp) to/from repository http://repo.jenkins-ci.org/public/"
      }
    ]
  ], 
  "columns": [
    "repository", 
    "col1"
  ]
}