{
  "project": {
    "url": "https://lgtm.com/projects/g/jenkinsci/dumpling-plugin", 
    "url-identifier": "g/jenkinsci/dumpling-plugin", 
    "id": 1506604949051, 
    "name": "jenkinsci/dumpling-plugin"
  }, 
  "data": [
    [
      {
        "url": "https://lgtm.com/projects/g/jenkinsci/dumpling-plugin/snapshot/80f563d998250e32c673acedde8e5cb5ed877476/files/pom.xml#L50", 
        "line": 50, 
        "value": "repository", 
        "file": "/pom.xml"
      }, 
      {
        "value": "Downloading or uploading artifacts over insecure protocol (eg. http or ftp) to/from repository http://repo.jenkins-ci.org/public/"
      }
    ], 
    [
      {
        "url": "https://lgtm.com/projects/g/jenkinsci/dumpling-plugin/snapshot/80f563d998250e32c673acedde8e5cb5ed877476/files/pom.xml#L57", 
        "line": 57, 
        "value": "pluginRepository", 
        "file": "/pom.xml"
      }, 
      {
        "value": "Downloading or uploading artifacts over insecure protocol (eg. http or ftp) to/from repository http://repo.jenkins-ci.org/public/"
      }
    ]
  ], 
  "columns": [
    "repository", 
    "col1"
  ]
}