{
  "project": {
    "url": "https://lgtm.com/projects/g/jenkinsci/jcaptcha-plugin", 
    "url-identifier": "g/jenkinsci/jcaptcha-plugin", 
    "id": 1506614059543, 
    "name": "jenkinsci/jcaptcha-plugin"
  }, 
  "data": [
    [
      {
        "url": "https://lgtm.com/projects/g/jenkinsci/jcaptcha-plugin/snapshot/c8f6d97892583e2dacc5bbc7062dc76c5a6ce405/files/pom.xml#L72", 
        "line": 72, 
        "value": "repository", 
        "file": "/pom.xml"
      }, 
      {
        "value": "Downloading or uploading artifacts over insecure protocol (eg. http or ftp) to/from repository http://repo.jenkins-ci.org/public/"
      }
    ], 
    [
      {
        "url": "https://lgtm.com/projects/g/jenkinsci/jcaptcha-plugin/snapshot/c8f6d97892583e2dacc5bbc7062dc76c5a6ce405/files/pom.xml#L79", 
        "line": 79, 
        "value": "pluginRepository", 
        "file": "/pom.xml"
      }, 
      {
        "value": "Downloading or uploading artifacts over insecure protocol (eg. http or ftp) to/from repository http://repo.jenkins-ci.org/public/"
      }
    ], 
    [
      {
        "url": "https://lgtm.com/projects/g/jenkinsci/jcaptcha-plugin/snapshot/c8f6d97892583e2dacc5bbc7062dc76c5a6ce405/files/pom.xml#L86", 
        "line": 86, 
        "value": "repository", 
        "file": "/pom.xml"
      }, 
      {
        "value": "Downloading or uploading artifacts over insecure protocol (eg. http or ftp) to/from repository http://maven.hudson-labs.org:8081/content/repositories/releases/"
      }
    ]
  ], 
  "columns": [
    "repository", 
    "col1"
  ]
}