{
  "project": {
    "url": "https://lgtm.com/projects/g/jenkinsci/json-lib", 
    "url-identifier": "g/jenkinsci/json-lib", 
    "id": 1506605068352, 
    "name": "jenkinsci/json-lib"
  }, 
  "data": [
    [
      {
        "url": "https://lgtm.com/projects/g/jenkinsci/json-lib/snapshot/8d703e2b575eb9401b7f628517579c3e0782104d/files/pom.xml#L328", 
        "line": 328, 
        "value": "repository", 
        "file": "/pom.xml"
      }, 
      {
        "value": "Downloading or uploading artifacts over insecure protocol (eg. http or ftp) to/from repository http://maven.jenkins-ci.org:8081/content/repositories/releases"
      }
    ], 
    [
      {
        "url": "https://lgtm.com/projects/g/jenkinsci/json-lib/snapshot/8d703e2b575eb9401b7f628517579c3e0782104d/files/pom.xml#L332", 
        "line": 332, 
        "value": "snapshotRepository", 
        "file": "/pom.xml"
      }, 
      {
        "value": "Downloading or uploading artifacts over insecure protocol (eg. http or ftp) to/from repository http://maven.jenkins-ci.org:8081/content/repositories/snapshots"
      }
    ]
  ], 
  "columns": [
    "repository", 
    "col1"
  ]
}