{
  "project": {
    "url": "https://lgtm.com/projects/g/jenkinsci/config-provider-model", 
    "url-identifier": "g/jenkinsci/config-provider-model", 
    "id": 1506615880007, 
    "name": "jenkinsci/config-provider-model"
  }, 
  "data": [
    [
      {
        "url": "https://lgtm.com/projects/g/jenkinsci/config-provider-model/snapshot/4ef8af1ed0b67169e29e700dba43cc05e1017253/files/pom.xml#L110", 
        "line": 110, 
        "value": "repository", 
        "file": "/pom.xml"
      }, 
      {
        "value": "Downloading or uploading artifacts over insecure protocol (eg. http or ftp) to/from repository http://repo.jenkins-ci.org/public/"
      }
    ], 
    [
      {
        "url": "https://lgtm.com/projects/g/jenkinsci/config-provider-model/snapshot/4ef8af1ed0b67169e29e700dba43cc05e1017253/files/pom.xml#L122", 
        "line": 122, 
        "value": "pluginRepository", 
        "file": "/pom.xml"
      }, 
      {
        "value": "Downloading or uploading artifacts over insecure protocol (eg. http or ftp) to/from repository http://repo.jenkins-ci.org/public/"
      }
    ]
  ], 
  "columns": [
    "repository", 
    "col1"
  ]
}