{
  "project": {
    "url": "https://lgtm.com/projects/g/jenkinsci/gssh-plugin", 
    "url-identifier": "g/jenkinsci/gssh-plugin", 
    "id": 1506599030745, 
    "name": "jenkinsci/gssh-plugin"
  }, 
  "data": [
    [
      {
        "url": "https://lgtm.com/projects/g/jenkinsci/gssh-plugin/snapshot/2739c79824a7370a5a7efac543612c9fd6b910f4/files/pom.xml#L37", 
        "line": 37, 
        "value": "repository", 
        "file": "/pom.xml"
      }, 
      {
        "value": "Downloading or uploading artifacts over insecure protocol (eg. http or ftp) to/from repository http://repo.jenkins-ci.org/public/"
      }
    ], 
    [
      {
        "url": "https://lgtm.com/projects/g/jenkinsci/gssh-plugin/snapshot/2739c79824a7370a5a7efac543612c9fd6b910f4/files/pom.xml#L41", 
        "line": 41, 
        "value": "repository", 
        "file": "/pom.xml"
      }, 
      {
        "value": "Downloading or uploading artifacts over insecure protocol (eg. http or ftp) to/from repository http://repo1.maven.org/maven2"
      }
    ], 
    [
      {
        "url": "https://lgtm.com/projects/g/jenkinsci/gssh-plugin/snapshot/2739c79824a7370a5a7efac543612c9fd6b910f4/files/pom.xml#L49", 
        "line": 49, 
        "value": "pluginRepository", 
        "file": "/pom.xml"
      }, 
      {
        "value": "Downloading or uploading artifacts over insecure protocol (eg. http or ftp) to/from repository http://repo.jenkins-ci.org/public/"
      }
    ]
  ], 
  "columns": [
    "repository", 
    "col1"
  ]
}