{
  "project": {
    "url": "https://lgtm.com/projects/g/jenkinsci/cli-commander-plugin", 
    "url-identifier": "g/jenkinsci/cli-commander-plugin", 
    "id": 1506604799507, 
    "name": "jenkinsci/cli-commander-plugin"
  }, 
  "data": [
    [
      {
        "url": "https://lgtm.com/projects/g/jenkinsci/cli-commander-plugin/snapshot/98d1fad469c2302664e19ffd51fb2cc84a300ced/files/pom.xml#L48", 
        "line": 48, 
        "value": "repository", 
        "file": "/pom.xml"
      }, 
      {
        "value": "Downloading or uploading artifacts over insecure protocol (eg. http or ftp) to/from repository http://repo.jenkins-ci.org/public/"
      }
    ], 
    [
      {
        "url": "https://lgtm.com/projects/g/jenkinsci/cli-commander-plugin/snapshot/98d1fad469c2302664e19ffd51fb2cc84a300ced/files/pom.xml#L55", 
        "line": 55, 
        "value": "pluginRepository", 
        "file": "/pom.xml"
      }, 
      {
        "value": "Downloading or uploading artifacts over insecure protocol (eg. http or ftp) to/from repository http://repo.jenkins-ci.org/public/"
      }
    ]
  ], 
  "columns": [
    "repository", 
    "col1"
  ]
}