{
  "project": {
    "url": "https://lgtm.com/projects/g/jenkinsci/gitorious-plugin", 
    "url-identifier": "g/jenkinsci/gitorious-plugin", 
    "id": 1506593208117, 
    "name": "jenkinsci/gitorious-plugin"
  }, 
  "data": [
    [
      {
        "url": "https://lgtm.com/projects/g/jenkinsci/gitorious-plugin/snapshot/2a74dbe524ad3db425f60c74966f59d6ffc4bae0/files/pom.xml#L27", 
        "line": 27, 
        "value": "repository", 
        "file": "/pom.xml"
      }, 
      {
        "value": "Downloading or uploading artifacts over insecure protocol (eg. http or ftp) to/from repository http://repo.jenkins-ci.org/public/"
      }
    ], 
    [
      {
        "url": "https://lgtm.com/projects/g/jenkinsci/gitorious-plugin/snapshot/2a74dbe524ad3db425f60c74966f59d6ffc4bae0/files/pom.xml#L34", 
        "line": 34, 
        "value": "pluginRepository", 
        "file": "/pom.xml"
      }, 
      {
        "value": "Downloading or uploading artifacts over insecure protocol (eg. http or ftp) to/from repository http://repo.jenkins-ci.org/public/"
      }
    ]
  ], 
  "columns": [
    "repository", 
    "col1"
  ]
}