{
  "project": {
    "url": "https://lgtm.com/projects/g/jenkinsci/jabber-server-plugin", 
    "url-identifier": "g/jenkinsci/jabber-server-plugin", 
    "id": 1506690996057, 
    "name": "jenkinsci/jabber-server-plugin"
  }, 
  "data": [
    [
      {
        "url": "https://lgtm.com/projects/g/jenkinsci/jabber-server-plugin/snapshot/360b269765790fb30931db4cfa742e7483f93dec/files/pom.xml#L36", 
        "line": 36, 
        "value": "repository", 
        "file": "/pom.xml"
      }, 
      {
        "value": "Downloading or uploading artifacts over insecure protocol (eg. http or ftp) to/from repository http://repo.jenkins-ci.org/public/"
      }
    ], 
    [
      {
        "url": "https://lgtm.com/projects/g/jenkinsci/jabber-server-plugin/snapshot/360b269765790fb30931db4cfa742e7483f93dec/files/pom.xml#L43", 
        "line": 43, 
        "value": "pluginRepository", 
        "file": "/pom.xml"
      }, 
      {
        "value": "Downloading or uploading artifacts over insecure protocol (eg. http or ftp) to/from repository http://repo.jenkins-ci.org/public/"
      }
    ]
  ], 
  "columns": [
    "repository", 
    "col1"
  ]
}