{
  "project": {
    "url": "https://lgtm.com/projects/g/jenkinsci/database-postgresql-plugin", 
    "url-identifier": "g/jenkinsci/database-postgresql-plugin", 
    "id": 1509116428416, 
    "name": "jenkinsci/database-postgresql-plugin"
  }, 
  "data": [
    [
      {
        "url": "https://lgtm.com/projects/g/jenkinsci/database-postgresql-plugin/snapshot/36ed75bee5125aa9730e2c2b45629c8bf427f4af/files/pom.xml#L42", 
        "line": 42, 
        "value": "repository", 
        "file": "/pom.xml"
      }, 
      {
        "value": "Downloading or uploading artifacts over insecure protocol (eg. http or ftp) to/from repository http://repo.jenkins-ci.org/public/"
      }
    ], 
    [
      {
        "url": "https://lgtm.com/projects/g/jenkinsci/database-postgresql-plugin/snapshot/36ed75bee5125aa9730e2c2b45629c8bf427f4af/files/pom.xml#L49", 
        "line": 49, 
        "value": "pluginRepository", 
        "file": "/pom.xml"
      }, 
      {
        "value": "Downloading or uploading artifacts over insecure protocol (eg. http or ftp) to/from repository http://repo.jenkins-ci.org/public/"
      }
    ]
  ], 
  "columns": [
    "repository", 
    "col1"
  ]
}