{
  "project": {
    "url": "https://lgtm.com/projects/g/jenkinsci/core-js", 
    "url-identifier": "g/jenkinsci/core-js", 
    "id": 1506604860731, 
    "name": "jenkinsci/core-js"
  }, 
  "data": [
    [
      {
        "url": "https://lgtm.com/projects/g/jenkinsci/core-js/snapshot/f44931d6dfff8a22e69e02c13fb2ddfe74950460/files/pom.xml#L70", 
        "line": 70, 
        "value": "repository", 
        "file": "/pom.xml"
      }, 
      {
        "value": "Downloading or uploading artifacts over insecure protocol (eg. http or ftp) to/from repository http://download.java.net/maven/2/"
      }
    ], 
    [
      {
        "url": "https://lgtm.com/projects/g/jenkinsci/core-js/snapshot/f44931d6dfff8a22e69e02c13fb2ddfe74950460/files/pom.xml#L78", 
        "line": 78, 
        "value": "pluginRepository", 
        "file": "/pom.xml"
      }, 
      {
        "value": "Downloading or uploading artifacts over insecure protocol (eg. http or ftp) to/from repository http://download.java.net/maven/2/"
      }
    ]
  ], 
  "columns": [
    "repository", 
    "col1"
  ]
}