{
  "project": {
    "url": "https://lgtm.com/projects/g/jenkinsci/extras-client-demo", 
    "url-identifier": "g/jenkinsci/extras-client-demo", 
    "id": 1506593258995, 
    "name": "jenkinsci/extras-client-demo"
  }, 
  "data": [
    [
      {
        "url": "https://lgtm.com/projects/g/jenkinsci/extras-client-demo/snapshot/2520de38b2db86f0df9fb3858773ebdabac17967/files/pom.xml#L41", 
        "line": 41, 
        "value": "repository", 
        "file": "/pom.xml"
      }, 
      {
        "value": "Downloading or uploading artifacts over insecure protocol (eg. http or ftp) to/from repository http://download.java.net/maven/2/"
      }
    ]
  ], 
  "columns": [
    "repository", 
    "col1"
  ]
}