{
  "project": {
    "url": "https://lgtm.com/projects/g/jdeolive/geodb", 
    "url-identifier": "g/jdeolive/geodb", 
    "id": 1506728851890, 
    "name": "jdeolive/geodb"
  }, 
  "data": [
    [
      {
        "url": "https://lgtm.com/projects/g/jdeolive/geodb/snapshot/5c0b9cf55652867fa9a384b454f6b1c2caedb95f/files/pom.xml#L71", 
        "line": 71, 
        "value": "repository", 
        "file": "/pom.xml"
      }, 
      {
        "value": "Downloading or uploading artifacts over insecure protocol (eg. http or ftp) to/from repository http://repo.boundlessgeo.com/main"
      }
    ], 
    [
      {
        "url": "https://lgtm.com/projects/g/jdeolive/geodb/snapshot/5c0b9cf55652867fa9a384b454f6b1c2caedb95f/files/pom.xml#L76", 
        "line": 76, 
        "value": "snapshotRepository", 
        "file": "/pom.xml"
      }, 
      {
        "value": "Downloading or uploading artifacts over insecure protocol (eg. http or ftp) to/from repository http://repo.boundlessgeo.com"
      }
    ]
  ], 
  "columns": [
    "repository", 
    "col1"
  ]
}