{
  "project": {
    "url": "https://lgtm.com/projects/g/jenkinsci/perfectomobile-plugin", 
    "url-identifier": "g/jenkinsci/perfectomobile-plugin", 
    "id": 1509216276289, 
    "name": "jenkinsci/perfectomobile-plugin"
  }, 
  "data": [
    [
      {
        "url": "https://lgtm.com/projects/g/jenkinsci/perfectomobile-plugin/snapshot/19ce3dac0edd75027fe4291fdb31c61f7ff2d292/files/pom.xml#L27", 
        "line": 27, 
        "value": "repository", 
        "file": "/pom.xml"
      }, 
      {
        "value": "Downloading or uploading artifacts over insecure protocol (eg. http or ftp) to/from repository http://repo.jenkins-ci.org/public/"
      }
    ], 
    [
      {
        "url": "https://lgtm.com/projects/g/jenkinsci/perfectomobile-plugin/snapshot/19ce3dac0edd75027fe4291fdb31c61f7ff2d292/files/pom.xml#L34", 
        "line": 34, 
        "value": "pluginRepository", 
        "file": "/pom.xml"
      }, 
      {
        "value": "Downloading or uploading artifacts over insecure protocol (eg. http or ftp) to/from repository http://repo.jenkins-ci.org/public/"
      }
    ], 
    [
      {
        "url": "https://lgtm.com/projects/g/jenkinsci/perfectomobile-plugin/snapshot/19ce3dac0edd75027fe4291fdb31c61f7ff2d292/files/pom.xml#L41", 
        "line": 41, 
        "value": "repository", 
        "file": "/pom.xml"
      }, 
      {
        "value": "Downloading or uploading artifacts over insecure protocol (eg. http or ftp) to/from repository http://maven.jenkins-ci.org/content/repositories/releases/"
      }
    ]
  ], 
  "columns": [
    "repository", 
    "col1"
  ]
}