{
  "project": {
    "url": "https://lgtm.com/projects/g/jenkinsci/implied-labels-plugin", 
    "url-identifier": "g/jenkinsci/implied-labels-plugin", 
    "id": 1506585619361, 
    "name": "jenkinsci/implied-labels-plugin"
  }, 
  "data": [
    [
      {
        "url": "https://lgtm.com/projects/g/jenkinsci/implied-labels-plugin/snapshot/63594debec7f457779bec89f006eebbdc3379593/files/pom.xml#L42", 
        "line": 42, 
        "value": "repository", 
        "file": "/pom.xml"
      }, 
      {
        "value": "Downloading or uploading artifacts over insecure protocol (eg. http or ftp) to/from repository http://repo.jenkins-ci.org/public/"
      }
    ], 
    [
      {
        "url": "https://lgtm.com/projects/g/jenkinsci/implied-labels-plugin/snapshot/63594debec7f457779bec89f006eebbdc3379593/files/pom.xml#L49", 
        "line": 49, 
        "value": "pluginRepository", 
        "file": "/pom.xml"
      }, 
      {
        "value": "Downloading or uploading artifacts over insecure protocol (eg. http or ftp) to/from repository http://repo.jenkins-ci.org/public/"
      }
    ]
  ], 
  "columns": [
    "repository", 
    "col1"
  ]
}