{
  "project": {
    "url": "https://lgtm.com/projects/g/jenkinsci/google-metadata-plugin", 
    "url-identifier": "g/jenkinsci/google-metadata-plugin", 
    "id": 1506579590418, 
    "name": "jenkinsci/google-metadata-plugin"
  }, 
  "data": [
    [
      {
        "url": "https://lgtm.com/projects/g/jenkinsci/google-metadata-plugin/snapshot/ae47ba60e2ae5964c5e2ed79c3bd5e362e5de5cc/files/pom.xml#L63", 
        "line": 63, 
        "value": "repository", 
        "file": "/pom.xml"
      }, 
      {
        "value": "Downloading or uploading artifacts over insecure protocol (eg. http or ftp) to/from repository http://repo.jenkins-ci.org/public/"
      }
    ], 
    [
      {
        "url": "https://lgtm.com/projects/g/jenkinsci/google-metadata-plugin/snapshot/ae47ba60e2ae5964c5e2ed79c3bd5e362e5de5cc/files/pom.xml#L70", 
        "line": 70, 
        "value": "pluginRepository", 
        "file": "/pom.xml"
      }, 
      {
        "value": "Downloading or uploading artifacts over insecure protocol (eg. http or ftp) to/from repository http://repo.jenkins-ci.org/public/"
      }
    ]
  ], 
  "columns": [
    "repository", 
    "col1"
  ]
}