{
  "project": {
    "url": "https://lgtm.com/projects/g/jenkinsci/jenkins.rb", 
    "url-identifier": "g/jenkinsci/jenkins.rb", 
    "id": 1506589179768, 
    "name": "jenkinsci/jenkins.rb"
  }, 
  "data": [
    [
      {
        "url": "https://lgtm.com/projects/g/jenkinsci/jenkins.rb/snapshot/4dc8b5460e3377b3f20e01e7cece4e75c6db0024/files/pom.xml#L24", 
        "line": 24, 
        "value": "repository", 
        "file": "/pom.xml"
      }, 
      {
        "value": "Downloading or uploading artifacts over insecure protocol (eg. http or ftp) to/from repository http://repo.jenkins-ci.org/releases/"
      }
    ], 
    [
      {
        "url": "https://lgtm.com/projects/g/jenkinsci/jenkins.rb/snapshot/4dc8b5460e3377b3f20e01e7cece4e75c6db0024/files/pom.xml#L34", 
        "line": 34, 
        "value": "repository", 
        "file": "/pom.xml"
      }, 
      {
        "value": "Downloading or uploading artifacts over insecure protocol (eg. http or ftp) to/from repository http://repo.jenkins-ci.org/snapshots/"
      }
    ], 
    [
      {
        "url": "https://lgtm.com/projects/g/jenkinsci/jenkins.rb/snapshot/4dc8b5460e3377b3f20e01e7cece4e75c6db0024/files/pom.xml#L47", 
        "line": 47, 
        "value": "pluginRepository", 
        "file": "/pom.xml"
      }, 
      {
        "value": "Downloading or uploading artifacts over insecure protocol (eg. http or ftp) to/from repository http://repo.jenkins-ci.org/public/"
      }
    ]
  ], 
  "columns": [
    "repository", 
    "col1"
  ]
}