{
  "project": {
    "url": "https://lgtm.com/projects/g/jenkinsci/freestyle-multibranch-plugin", 
    "url-identifier": "g/jenkinsci/freestyle-multibranch-plugin", 
    "id": 1506601429398, 
    "name": "jenkinsci/freestyle-multibranch-plugin"
  }, 
  "data": [
    [
      {
        "url": "https://lgtm.com/projects/g/jenkinsci/freestyle-multibranch-plugin/snapshot/10ed09518f0ea7e4216395fcfd03baf478c5022c/files/pom.xml#L80", 
        "line": 80, 
        "value": "repository", 
        "file": "/pom.xml"
      }, 
      {
        "value": "Downloading or uploading artifacts over insecure protocol (eg. http or ftp) to/from repository http://repo.jenkins-ci.org/public/"
      }
    ], 
    [
      {
        "url": "https://lgtm.com/projects/g/jenkinsci/freestyle-multibranch-plugin/snapshot/10ed09518f0ea7e4216395fcfd03baf478c5022c/files/pom.xml#L86", 
        "line": 86, 
        "value": "pluginRepository", 
        "file": "/pom.xml"
      }, 
      {
        "value": "Downloading or uploading artifacts over insecure protocol (eg. http or ftp) to/from repository http://repo.jenkins-ci.org/public/"
      }
    ]
  ], 
  "columns": [
    "repository", 
    "col1"
  ]
}