{
  "project": {
    "url": "https://lgtm.com/projects/g/jenkinsci/kmap-plugin", 
    "url-identifier": "g/jenkinsci/kmap-plugin", 
    "id": 1509222496058, 
    "name": "jenkinsci/kmap-plugin"
  }, 
  "data": [
    [
      {
        "url": "https://lgtm.com/projects/g/jenkinsci/kmap-plugin/snapshot/067a627958390555ceb5a8b1911c6f35e351d175/files/pom.xml#L32", 
        "line": 32, 
        "value": "repository", 
        "file": "/pom.xml"
      }, 
      {
        "value": "Downloading or uploading artifacts over insecure protocol (eg. http or ftp) to/from repository http://repo.jenkins-ci.org/public/"
      }
    ], 
    [
      {
        "url": "https://lgtm.com/projects/g/jenkinsci/kmap-plugin/snapshot/067a627958390555ceb5a8b1911c6f35e351d175/files/pom.xml#L39", 
        "line": 39, 
        "value": "pluginRepository", 
        "file": "/pom.xml"
      }, 
      {
        "value": "Downloading or uploading artifacts over insecure protocol (eg. http or ftp) to/from repository http://repo.jenkins-ci.org/public/"
      }
    ], 
    [
      {
        "url": "https://lgtm.com/projects/g/jenkinsci/kmap-plugin/snapshot/067a627958390555ceb5a8b1911c6f35e351d175/files/pom.xml#L54", 
        "line": 54, 
        "value": "repository", 
        "file": "/pom.xml"
      }, 
      {
        "value": "Downloading or uploading artifacts over insecure protocol (eg. http or ftp) to/from repository http://maven.jenkins-ci.org:8081/content/repositories/releases/"
      }
    ]
  ], 
  "columns": [
    "repository", 
    "col1"
  ]
}