{
  "project": {
    "url": "https://lgtm.com/projects/g/jenkinsci/mailmap-resolver-plugin", 
    "url-identifier": "g/jenkinsci/mailmap-resolver-plugin", 
    "id": 1509224686040, 
    "name": "jenkinsci/mailmap-resolver-plugin"
  }, 
  "data": [
    [
      {
        "url": "https://lgtm.com/projects/g/jenkinsci/mailmap-resolver-plugin/snapshot/9de443d9c820a1d47e0e6e03ae392b2f130a03aa/files/pom.xml#L44", 
        "line": 44, 
        "value": "repository", 
        "file": "/pom.xml"
      }, 
      {
        "value": "Downloading or uploading artifacts over insecure protocol (eg. http or ftp) to/from repository http://repo.jenkins-ci.org/public/"
      }
    ], 
    [
      {
        "url": "https://lgtm.com/projects/g/jenkinsci/mailmap-resolver-plugin/snapshot/9de443d9c820a1d47e0e6e03ae392b2f130a03aa/files/pom.xml#L51", 
        "line": 51, 
        "value": "pluginRepository", 
        "file": "/pom.xml"
      }, 
      {
        "value": "Downloading or uploading artifacts over insecure protocol (eg. http or ftp) to/from repository http://repo.jenkins-ci.org/public/"
      }
    ]
  ], 
  "columns": [
    "repository", 
    "col1"
  ]
}