{
  "project": {
    "url": "https://lgtm.com/projects/g/jenkinsci/emma-plugin", 
    "url-identifier": "g/jenkinsci/emma-plugin", 
    "id": 1506615899125, 
    "name": "jenkinsci/emma-plugin"
  }, 
  "data": [
    [
      {
        "url": "https://lgtm.com/projects/g/jenkinsci/emma-plugin/snapshot/264f7c47b92ae2de00c1fe8e9bf73ad6c3346d24/files/pom.xml#L50", 
        "line": 50, 
        "value": "repository", 
        "file": "/pom.xml"
      }, 
      {
        "value": "Downloading or uploading artifacts over insecure protocol (eg. http or ftp) to/from repository http://repo.jenkins-ci.org/public/"
      }
    ], 
    [
      {
        "url": "https://lgtm.com/projects/g/jenkinsci/emma-plugin/snapshot/264f7c47b92ae2de00c1fe8e9bf73ad6c3346d24/files/pom.xml#L204", 
        "line": 204, 
        "value": "pluginRepository", 
        "file": "/pom.xml"
      }, 
      {
        "value": "Downloading or uploading artifacts over insecure protocol (eg. http or ftp) to/from repository http://repo.jenkins-ci.org/public/"
      }
    ]
  ], 
  "columns": [
    "repository", 
    "col1"
  ]
}