{
  "project": {
    "url": "https://lgtm.com/projects/g/jenkinsci/copy-to-slave-plugin", 
    "url-identifier": "g/jenkinsci/copy-to-slave-plugin", 
    "id": 1509232946302, 
    "name": "jenkinsci/copy-to-slave-plugin"
  }, 
  "data": [
    [
      {
        "url": "https://lgtm.com/projects/g/jenkinsci/copy-to-slave-plugin/snapshot/7d835d226526706728765c6432e24da28411a11d/files/pom.xml#L36", 
        "line": 36, 
        "value": "repository", 
        "file": "/pom.xml"
      }, 
      {
        "value": "Downloading or uploading artifacts over insecure protocol (eg. http or ftp) to/from repository http://repo.jenkins-ci.org/public/"
      }
    ], 
    [
      {
        "url": "https://lgtm.com/projects/g/jenkinsci/copy-to-slave-plugin/snapshot/7d835d226526706728765c6432e24da28411a11d/files/pom.xml#L43", 
        "line": 43, 
        "value": "pluginRepository", 
        "file": "/pom.xml"
      }, 
      {
        "value": "Downloading or uploading artifacts over insecure protocol (eg. http or ftp) to/from repository http://repo.jenkins-ci.org/public/"
      }
    ]
  ], 
  "columns": [
    "repository", 
    "col1"
  ]
}