{
  "project": {
    "url": "https://lgtm.com/projects/g/jenkinsci/jobrequeue-plugin", 
    "url-identifier": "g/jenkinsci/jobrequeue-plugin", 
    "id": 1509081155995, 
    "name": "jenkinsci/jobrequeue-plugin"
  }, 
  "data": [
    [
      {
        "url": "https://lgtm.com/projects/g/jenkinsci/jobrequeue-plugin/snapshot/cc31f0ea05ecad3b75f462c02d94523591a62965/files/pom.xml#L16", 
        "line": 16, 
        "value": "repository", 
        "file": "/pom.xml"
      }, 
      {
        "value": "Downloading or uploading artifacts over insecure protocol (eg. http or ftp) to/from repository http://repo.jenkins-ci.org/public/"
      }
    ], 
    [
      {
        "url": "https://lgtm.com/projects/g/jenkinsci/jobrequeue-plugin/snapshot/cc31f0ea05ecad3b75f462c02d94523591a62965/files/pom.xml#L51", 
        "line": 51, 
        "value": "pluginRepository", 
        "file": "/pom.xml"
      }, 
      {
        "value": "Downloading or uploading artifacts over insecure protocol (eg. http or ftp) to/from repository http://repo.jenkins-ci.org/public/"
      }
    ]
  ], 
  "columns": [
    "repository", 
    "col1"
  ]
}