{
  "project": {
    "url": "https://lgtm.com/projects/g/KostyaSha/block-queued-job-plugin", 
    "url-identifier": "g/KostyaSha/block-queued-job-plugin", 
    "id": 1509239656011, 
    "name": "KostyaSha/block-queued-job-plugin"
  }, 
  "data": [
    [
      {
        "url": "https://lgtm.com/projects/g/KostyaSha/block-queued-job-plugin/snapshot/b37189241603d221d6d017875aae8f9b090e075d/files/pom.xml#L42", 
        "line": 42, 
        "value": "repository", 
        "file": "/pom.xml"
      }, 
      {
        "value": "Downloading or uploading artifacts over insecure protocol (eg. http or ftp) to/from repository http://repo.jenkins-ci.org/public/"
      }
    ], 
    [
      {
        "url": "https://lgtm.com/projects/g/KostyaSha/block-queued-job-plugin/snapshot/b37189241603d221d6d017875aae8f9b090e075d/files/pom.xml#L49", 
        "line": 49, 
        "value": "pluginRepository", 
        "file": "/pom.xml"
      }, 
      {
        "value": "Downloading or uploading artifacts over insecure protocol (eg. http or ftp) to/from repository http://repo.jenkins-ci.org/public/"
      }
    ]
  ], 
  "columns": [
    "repository", 
    "col1"
  ]
}