{
  "project": {
    "url": "https://lgtm.com/projects/g/kurtraschke/gtfs-rt-dump", 
    "url-identifier": "g/kurtraschke/gtfs-rt-dump", 
    "id": 1507591655992, 
    "name": "kurtraschke/gtfs-rt-dump"
  }, 
  "data": [
    [
      {
        "url": "https://lgtm.com/projects/g/kurtraschke/gtfs-rt-dump/snapshot/2fb073fd1c733dd887ada3605f5136a8c98ca12c/files/pom.xml#L26", 
        "line": 26, 
        "value": "repository", 
        "file": "/pom.xml"
      }, 
      {
        "value": "Downloading or uploading artifacts over insecure protocol (eg. http or ftp) to/from repository http://nexus.onebusaway.org/content/groups/public/"
      }
    ]
  ], 
  "columns": [
    "repository", 
    "col1"
  ]
}