{
  "project": {
    "url": "https://lgtm.com/projects/g/Lewuathe/hckrnews-plugin", 
    "url-identifier": "g/Lewuathe/hckrnews-plugin", 
    "id": 1506632568622, 
    "name": "Lewuathe/hckrnews-plugin"
  }, 
  "data": [
    [
      {
        "url": "https://lgtm.com/projects/g/Lewuathe/hckrnews-plugin/snapshot/7d41f0dce50674210594f49d34cda588913aeb21/files/pom.xml#L38", 
        "line": 38, 
        "value": "repository", 
        "file": "/pom.xml"
      }, 
      {
        "value": "Downloading or uploading artifacts over insecure protocol (eg. http or ftp) to/from repository http://repo.jenkins-ci.org/public/"
      }
    ], 
    [
      {
        "url": "https://lgtm.com/projects/g/Lewuathe/hckrnews-plugin/snapshot/7d41f0dce50674210594f49d34cda588913aeb21/files/pom.xml#L45", 
        "line": 45, 
        "value": "pluginRepository", 
        "file": "/pom.xml"
      }, 
      {
        "value": "Downloading or uploading artifacts over insecure protocol (eg. http or ftp) to/from repository http://repo.jenkins-ci.org/public/"
      }
    ]
  ], 
  "columns": [
    "repository", 
    "col1"
  ]
}