{
  "project": {
    "url": "https://lgtm.com/projects/g/liudong0624/WATika1.18", 
    "url-identifier": "g/liudong0624/WATika1.18", 
    "id": 1507197096065, 
    "name": "liudong0624/WATika1.18"
  }, 
  "data": [
    [
      {
        "url": "https://lgtm.com/projects/g/liudong0624/WATika1.18/snapshot/f49b4e44be0d1aa3446f16b6151f3ed84e986127/files/tika-server/pom.xml#L35", 
        "line": 35, 
        "value": "pluginRepository", 
        "file": "/tika-server/pom.xml"
      }, 
      {
        "value": "Downloading or uploading artifacts over insecure protocol (eg. http or ftp) to/from repository http://nexus.qmino.com/content/repositories/miredot"
      }
    ]
  ], 
  "columns": [
    "repository", 
    "col1"
  ]
}