{
  "project": {
    "url": "https://lgtm.com/projects/g/lvotypko/backup-jobs-plugin", 
    "url-identifier": "g/lvotypko/backup-jobs-plugin", 
    "id": 1509046413953, 
    "name": "lvotypko/backup-jobs-plugin"
  }, 
  "data": [
    [
      {
        "url": "https://lgtm.com/projects/g/lvotypko/backup-jobs-plugin/snapshot/8aa691fb87ab9870ed5eb847a836c4dda8443203/files/pom.xml#L36", 
        "line": 36, 
        "value": "repository", 
        "file": "/pom.xml"
      }, 
      {
        "value": "Downloading or uploading artifacts over insecure protocol (eg. http or ftp) to/from repository http://maven.jenkins-ci.org:8081/content/repositories/releases/"
      }
    ], 
    [
      {
        "url": "https://lgtm.com/projects/g/lvotypko/backup-jobs-plugin/snapshot/8aa691fb87ab9870ed5eb847a836c4dda8443203/files/pom.xml#L43", 
        "line": 43, 
        "value": "repository", 
        "file": "/pom.xml"
      }, 
      {
        "value": "Downloading or uploading artifacts over insecure protocol (eg. http or ftp) to/from repository http://repo.jenkins-ci.org/public/"
      }
    ], 
    [
      {
        "url": "https://lgtm.com/projects/g/lvotypko/backup-jobs-plugin/snapshot/8aa691fb87ab9870ed5eb847a836c4dda8443203/files/pom.xml#L50", 
        "line": 50, 
        "value": "pluginRepository", 
        "file": "/pom.xml"
      }, 
      {
        "value": "Downloading or uploading artifacts over insecure protocol (eg. http or ftp) to/from repository http://repo.jenkins-ci.org/public/"
      }
    ]
  ], 
  "columns": [
    "repository", 
    "col1"
  ]
}