{
  "project": {
    "url": "https://lgtm.com/projects/g/msrb/copr-plugin", 
    "url-identifier": "g/msrb/copr-plugin", 
    "id": 1509239306619, 
    "name": "msrb/copr-plugin"
  }, 
  "data": [
    [
      {
        "url": "https://lgtm.com/projects/g/msrb/copr-plugin/snapshot/f4eba7e3934878aa87eba69fc50bb5025f29a526/files/pom.xml#L66", 
        "line": 66, 
        "value": "repository", 
        "file": "/pom.xml"
      }, 
      {
        "value": "Downloading or uploading artifacts over insecure protocol (eg. http or ftp) to/from repository http://maven.jenkins-ci.org:8081/content/repositories/releases/"
      }
    ], 
    [
      {
        "url": "https://lgtm.com/projects/g/msrb/copr-plugin/snapshot/f4eba7e3934878aa87eba69fc50bb5025f29a526/files/pom.xml#L73", 
        "line": 73, 
        "value": "repository", 
        "file": "/pom.xml"
      }, 
      {
        "value": "Downloading or uploading artifacts over insecure protocol (eg. http or ftp) to/from repository http://repo.jenkins-ci.org/public/"
      }
    ], 
    [
      {
        "url": "https://lgtm.com/projects/g/msrb/copr-plugin/snapshot/f4eba7e3934878aa87eba69fc50bb5025f29a526/files/pom.xml#L80", 
        "line": 80, 
        "value": "pluginRepository", 
        "file": "/pom.xml"
      }, 
      {
        "value": "Downloading or uploading artifacts over insecure protocol (eg. http or ftp) to/from repository http://repo.jenkins-ci.org/public/"
      }
    ]
  ], 
  "columns": [
    "repository", 
    "col1"
  ]
}