{
  "project": {
    "url": "https://lgtm.com/projects/g/mattmoor/oauth-credentials", 
    "url-identifier": "g/mattmoor/oauth-credentials", 
    "id": 1506591209318, 
    "name": "mattmoor/oauth-credentials"
  }, 
  "data": [
    [
      {
        "url": "https://lgtm.com/projects/g/mattmoor/oauth-credentials/snapshot/8a5b760fc8d9f42d6597bc5c98997ed7a7caeb00/files/pom.xml#L61", 
        "line": 61, 
        "value": "repository", 
        "file": "/pom.xml"
      }, 
      {
        "value": "Downloading or uploading artifacts over insecure protocol (eg. http or ftp) to/from repository http://repo.jenkins-ci.org/public/"
      }
    ], 
    [
      {
        "url": "https://lgtm.com/projects/g/mattmoor/oauth-credentials/snapshot/8a5b760fc8d9f42d6597bc5c98997ed7a7caeb00/files/pom.xml#L68", 
        "line": 68, 
        "value": "pluginRepository", 
        "file": "/pom.xml"
      }, 
      {
        "value": "Downloading or uploading artifacts over insecure protocol (eg. http or ftp) to/from repository http://repo.jenkins-ci.org/public/"
      }
    ]
  ], 
  "columns": [
    "repository", 
    "col1"
  ]
}