{
  "project": {
    "url": "https://lgtm.com/projects/g/mktmpio/mktmpio-jenkins-plugin", 
    "url-identifier": "g/mktmpio/mktmpio-jenkins-plugin", 
    "id": 1509224766615, 
    "name": "mktmpio/mktmpio-jenkins-plugin"
  }, 
  "data": [
    [
      {
        "url": "https://lgtm.com/projects/g/mktmpio/mktmpio-jenkins-plugin/snapshot/b6efdd3039942e705ab655f7b9350098c7f61878/files/pom.xml#L49", 
        "line": 49, 
        "value": "repository", 
        "file": "/pom.xml"
      }, 
      {
        "value": "Downloading or uploading artifacts over insecure protocol (eg. http or ftp) to/from repository http://repo.jenkins-ci.org/public/"
      }
    ], 
    [
      {
        "url": "https://lgtm.com/projects/g/mktmpio/mktmpio-jenkins-plugin/snapshot/b6efdd3039942e705ab655f7b9350098c7f61878/files/pom.xml#L55", 
        "line": 55, 
        "value": "pluginRepository", 
        "file": "/pom.xml"
      }, 
      {
        "value": "Downloading or uploading artifacts over insecure protocol (eg. http or ftp) to/from repository http://repo.jenkins-ci.org/public/"
      }
    ]
  ], 
  "columns": [
    "repository", 
    "col1"
  ]
}