{
  "project": {
    "url": "https://lgtm.com/projects/g/mocleiri/github-oauth-plugin", 
    "url-identifier": "g/mocleiri/github-oauth-plugin", 
    "id": 56982105, 
    "name": "mocleiri/github-oauth-plugin"
  }, 
  "data": [
    [
      {
        "url": "https://lgtm.com/projects/g/mocleiri/github-oauth-plugin/snapshot/adf3f41fdb9b577207b00a7877e1b3b2abf41610/files/pom.xml#L43", 
        "line": 43, 
        "value": "repository", 
        "file": "/pom.xml"
      }, 
      {
        "value": "Downloading or uploading artifacts over insecure protocol (eg. http or ftp) to/from repository http://repo.jenkins-ci.org/public/"
      }
    ], 
    [
      {
        "url": "https://lgtm.com/projects/g/mocleiri/github-oauth-plugin/snapshot/adf3f41fdb9b577207b00a7877e1b3b2abf41610/files/pom.xml#L49", 
        "line": 49, 
        "value": "pluginRepository", 
        "file": "/pom.xml"
      }, 
      {
        "value": "Downloading or uploading artifacts over insecure protocol (eg. http or ftp) to/from repository http://repo.jenkins-ci.org/public/"
      }
    ]
  ], 
  "columns": [
    "repository", 
    "col1"
  ]
}