{
  "project": {
    "url": "https://lgtm.com/projects/g/OneBusAway/onebusaway-client-library-demo", 
    "url-identifier": "g/OneBusAway/onebusaway-client-library-demo", 
    "id": 1507617926038, 
    "name": "OneBusAway/onebusaway-client-library-demo"
  }, 
  "data": [
    [
      {
        "url": "https://lgtm.com/projects/g/OneBusAway/onebusaway-client-library-demo/snapshot/a18759023555606e732a79a151011e4926bff59a/files/pom.xml#L11", 
        "line": 11, 
        "value": "repository", 
        "file": "/pom.xml"
      }, 
      {
        "value": "Downloading or uploading artifacts over insecure protocol (eg. http or ftp) to/from repository http://nexus.onebusaway.org/content/groups/public/"
      }
    ], 
    [
      {
        "url": "https://lgtm.com/projects/g/OneBusAway/onebusaway-client-library-demo/snapshot/a18759023555606e732a79a151011e4926bff59a/files/pom.xml#L77", 
        "line": 77, 
        "value": "repository", 
        "file": "/pom.xml"
      }, 
      {
        "value": "Downloading or uploading artifacts over insecure protocol (eg. http or ftp) to/from repository http://nexus.onebusaway.org/content/repositories/releases/"
      }
    ]
  ], 
  "columns": [
    "repository", 
    "col1"
  ]
}