{
  "project": {
    "url": "https://lgtm.com/projects/g/openhab/openhab1-addons", 
    "url-identifier": "g/openhab/openhab1-addons", 
    "id": 1985081186, 
    "name": "openhab/openhab1-addons"
  }, 
  "data": [
    [
      {
        "url": "https://lgtm.com/projects/g/openhab/openhab1-addons/snapshot/75ee7260f4b5925fbbfebe5e4ea6419792af1bed/files/features/pom.xml#L49", 
        "line": 49, 
        "value": "repository", 
        "file": "/features/pom.xml"
      }, 
      {
        "value": "Downloading or uploading artifacts over insecure protocol (eg. http or ftp) to/from repository http://oss.jfrog.org/libs-snapshot/"
      }
    ]
  ], 
  "columns": [
    "repository", 
    "col1"
  ]
}