{
  "project": {
    "url": "https://lgtm.com/projects/g/OneBusAway/onebusaway-gtfs-realtime-api", 
    "url-identifier": "g/OneBusAway/onebusaway-gtfs-realtime-api", 
    "id": 1507583785993, 
    "name": "OneBusAway/onebusaway-gtfs-realtime-api"
  }, 
  "data": [
    [
      {
        "url": "https://lgtm.com/projects/g/OneBusAway/onebusaway-gtfs-realtime-api/snapshot/a28e401ebc60aa37234181f01ef1ed898738fa6c/files/pom.xml#L15", 
        "line": 15, 
        "value": "repository", 
        "file": "/pom.xml"
      }, 
      {
        "value": "Downloading or uploading artifacts over insecure protocol (eg. http or ftp) to/from repository http://nexus.onebusaway.org/content/groups/public/"
      }
    ]
  ], 
  "columns": [
    "repository", 
    "col1"
  ]
}