{
  "project": {
    "url": "https://lgtm.com/projects/g/RustDT/RustDT", 
    "url-identifier": "g/RustDT/RustDT", 
    "id": 1509076905982, 
    "name": "RustDT/RustDT"
  }, 
  "data": [
    [
      {
        "url": "https://lgtm.com/projects/g/RustDT/RustDT/snapshot/748fa5e4288035b702d18f1bfd55e59741db1d7c/files/pom.xml#L49", 
        "line": 49, 
        "value": "repository", 
        "file": "/pom.xml"
      }, 
      {
        "value": "Downloading or uploading artifacts over insecure protocol (eg. http or ftp) to/from repository http://download.eclipse.org/releases/neon"
      }
    ], 
    [
      {
        "url": "https://lgtm.com/projects/g/RustDT/RustDT/snapshot/748fa5e4288035b702d18f1bfd55e59741db1d7c/files/pom.xml#L54", 
        "line": 54, 
        "value": "repository", 
        "file": "/pom.xml"
      }, 
      {
        "value": "Downloading or uploading artifacts over insecure protocol (eg. http or ftp) to/from repository http://archive.eclipse.org/tools/orbit/downloads/drops/R20160520211859/repository/"
      }
    ]
  ], 
  "columns": [
    "repository", 
    "col1"
  ]
}