{
  "project": {
    "url": "https://lgtm.com/projects/g/restlet/restlet-framework", 
    "url-identifier": "g/restlet/restlet-framework", 
    "id": 2143360003, 
    "name": "restlet/restlet-framework"
  }, 
  "data": [
    [
      {
        "url": "https://lgtm.com/projects/g/restlet/restlet-framework/snapshot/217e23397b3b9e018c55d9fb0773bd031cb6d91a/files/pom.xml#L37", 
        "line": 37, 
        "value": "repository", 
        "file": "/pom.xml"
      }, 
      {
        "value": "Downloading or uploading artifacts over insecure protocol (eg. http or ftp) to/from repository http://repo1.maven.org/maven2/"
      }
    ], 
    [
      {
        "url": "https://lgtm.com/projects/g/restlet/restlet-framework/snapshot/217e23397b3b9e018c55d9fb0773bd031cb6d91a/files/pom.xml#L42", 
        "line": 42, 
        "value": "repository", 
        "file": "/pom.xml"
      }, 
      {
        "value": "Downloading or uploading artifacts over insecure protocol (eg. http or ftp) to/from repository http://maven.restlet.org"
      }
    ]
  ], 
  "columns": [
    "repository", 
    "col1"
  ]
}