{
  "project": {
    "url": "https://lgtm.com/projects/g/rest-assured/rest-assured", 
    "url-identifier": "g/rest-assured/rest-assured", 
    "id": 1780317, 
    "name": "rest-assured/rest-assured"
  }, 
  "data": [
    [
      {
        "url": "https://lgtm.com/projects/g/rest-assured/rest-assured/snapshot/18adaf4093642cca3425ba2ffc8b5ed3ba922153/files/pom.xml#L427", 
        "line": 427, 
        "value": "repository", 
        "file": "/pom.xml"
      }, 
      {
        "value": "Downloading or uploading artifacts over insecure protocol (eg. http or ftp) to/from repository http://maven.restlet.org"
      }
    ]
  ], 
  "columns": [
    "repository", 
    "col1"
  ]
}