{
  "project": {
    "url": "https://lgtm.com/projects/g/rinrinne/export-params-plugin", 
    "url-identifier": "g/rinrinne/export-params-plugin", 
    "id": 1509082836016, 
    "name": "rinrinne/export-params-plugin"
  }, 
  "data": [
    [
      {
        "url": "https://lgtm.com/projects/g/rinrinne/export-params-plugin/snapshot/acad462fe52eddc4b2acbd983a39c3f2ca35a6d3/files/pom.xml#L42", 
        "line": 42, 
        "value": "repository", 
        "file": "/pom.xml"
      }, 
      {
        "value": "Downloading or uploading artifacts over insecure protocol (eg. http or ftp) to/from repository http://repo.jenkins-ci.org/public/"
      }
    ], 
    [
      {
        "url": "https://lgtm.com/projects/g/rinrinne/export-params-plugin/snapshot/acad462fe52eddc4b2acbd983a39c3f2ca35a6d3/files/pom.xml#L57", 
        "line": 57, 
        "value": "pluginRepository", 
        "file": "/pom.xml"
      }, 
      {
        "value": "Downloading or uploading artifacts over insecure protocol (eg. http or ftp) to/from repository http://repo.jenkins-ci.org/public/"
      }
    ]
  ], 
  "columns": [
    "repository", 
    "col1"
  ]
}