{
  "project": {
    "url": "https://lgtm.com/projects/g/slimshadeey1/ChannelCommandAPI", 
    "url-identifier": "g/slimshadeey1/ChannelCommandAPI", 
    "id": 1506587187722, 
    "name": "slimshadeey1/ChannelCommandAPI"
  }, 
  "data": [
    [
      {
        "url": "https://lgtm.com/projects/g/slimshadeey1/ChannelCommandAPI/snapshot/32db91f236a2a61a3b576e65d71002ffad6f2fba/files/pom.xml#L30", 
        "line": 30, 
        "value": "repository", 
        "file": "/pom.xml"
      }, 
      {
        "value": "Downloading or uploading artifacts over insecure protocol (eg. http or ftp) to/from repository http://repo.md-5.net/content/repositories/snapshots/"
      }
    ], 
    [
      {
        "url": "https://lgtm.com/projects/g/slimshadeey1/ChannelCommandAPI/snapshot/32db91f236a2a61a3b576e65d71002ffad6f2fba/files/pom.xml#L45", 
        "line": 45, 
        "value": "repository", 
        "file": "/pom.xml"
      }, 
      {
        "value": "Downloading or uploading artifacts over insecure protocol (eg. http or ftp) to/from repository http://vpn.byersmediasolutions.com:8081/nexus/content/repositories/releases"
      }
    ], 
    [
      {
        "url": "https://lgtm.com/projects/g/slimshadeey1/ChannelCommandAPI/snapshot/32db91f236a2a61a3b576e65d71002ffad6f2fba/files/pom.xml#L49", 
        "line": 49, 
        "value": "snapshotRepository", 
        "file": "/pom.xml"
      }, 
      {
        "value": "Downloading or uploading artifacts over insecure protocol (eg. http or ftp) to/from repository http://vpn.byersmediasolutions.com:8081/nexus/content/repositories/snapshots"
      }
    ]
  ], 
  "columns": [
    "repository", 
    "col1"
  ]
}