{
  "project": {
    "url": "https://lgtm.com/projects/g/sendgridlabs/loaderio-jenkins-plugin", 
    "url-identifier": "g/sendgridlabs/loaderio-jenkins-plugin", 
    "id": 1506603200554, 
    "name": "sendgridlabs/loaderio-jenkins-plugin"
  }, 
  "data": [
    [
      {
        "url": "https://lgtm.com/projects/g/sendgridlabs/loaderio-jenkins-plugin/snapshot/8f1c320175037ffcce9e5429faf7f677c80b0c0e/files/pom.xml#L82", 
        "line": 82, 
        "value": "repository", 
        "file": "/pom.xml"
      }, 
      {
        "value": "Downloading or uploading artifacts over insecure protocol (eg. http or ftp) to/from repository http://repo.jenkins-ci.org/public/"
      }
    ], 
    [
      {
        "url": "https://lgtm.com/projects/g/sendgridlabs/loaderio-jenkins-plugin/snapshot/8f1c320175037ffcce9e5429faf7f677c80b0c0e/files/pom.xml#L89", 
        "line": 89, 
        "value": "pluginRepository", 
        "file": "/pom.xml"
      }, 
      {
        "value": "Downloading or uploading artifacts over insecure protocol (eg. http or ftp) to/from repository http://repo.jenkins-ci.org/public/"
      }
    ]
  ], 
  "columns": [
    "repository", 
    "col1"
  ]
}