{
  "project": {
    "url": "https://lgtm.com/projects/g/SICSoftwareGmbH/kpp-management-plugin", 
    "url-identifier": "g/SICSoftwareGmbH/kpp-management-plugin", 
    "id": 1506599030687, 
    "name": "SICSoftwareGmbH/kpp-management-plugin"
  }, 
  "data": [
    [
      {
        "url": "https://lgtm.com/projects/g/SICSoftwareGmbH/kpp-management-plugin/snapshot/4a102595be8cfef8c0adfd2ad8c87453ff5ef9bf/files/pom.xml#L41", 
        "line": 41, 
        "value": "repository", 
        "file": "/pom.xml"
      }, 
      {
        "value": "Downloading or uploading artifacts over insecure protocol (eg. http or ftp) to/from repository http://repo.jenkins-ci.org/public/"
      }
    ], 
    [
      {
        "url": "https://lgtm.com/projects/g/SICSoftwareGmbH/kpp-management-plugin/snapshot/4a102595be8cfef8c0adfd2ad8c87453ff5ef9bf/files/pom.xml#L48", 
        "line": 48, 
        "value": "pluginRepository", 
        "file": "/pom.xml"
      }, 
      {
        "value": "Downloading or uploading artifacts over insecure protocol (eg. http or ftp) to/from repository http://repo.jenkins-ci.org/public/"
      }
    ]
  ], 
  "columns": [
    "repository", 
    "col1"
  ]
}