{
  "project": {
    "url": "https://lgtm.com/projects/g/stevegal/jenkins-aws-bucket-credentials", 
    "url-identifier": "g/stevegal/jenkins-aws-bucket-credentials", 
    "id": 1509243306002, 
    "name": "stevegal/jenkins-aws-bucket-credentials"
  }, 
  "data": [
    [
      {
        "url": "https://lgtm.com/projects/g/stevegal/jenkins-aws-bucket-credentials/snapshot/d2e8b462fec4382dd600a956e87efc20b43ffd9b/files/pom.xml#L83", 
        "line": 83, 
        "value": "repository", 
        "file": "/pom.xml"
      }, 
      {
        "value": "Downloading or uploading artifacts over insecure protocol (eg. http or ftp) to/from repository http://repo.jenkins-ci.org/public/"
      }
    ], 
    [
      {
        "url": "https://lgtm.com/projects/g/stevegal/jenkins-aws-bucket-credentials/snapshot/d2e8b462fec4382dd600a956e87efc20b43ffd9b/files/pom.xml#L89", 
        "line": 89, 
        "value": "pluginRepository", 
        "file": "/pom.xml"
      }, 
      {
        "value": "Downloading or uploading artifacts over insecure protocol (eg. http or ftp) to/from repository http://repo.jenkins-ci.org/public/"
      }
    ]
  ], 
  "columns": [
    "repository", 
    "col1"
  ]
}