{
  "project": {
    "url": "https://lgtm.com/projects/g/ukiuni/monitor-remote-job-plugin", 
    "url-identifier": "g/ukiuni/monitor-remote-job-plugin", 
    "id": 1509072755988, 
    "name": "ukiuni/monitor-remote-job-plugin"
  }, 
  "data": [
    [
      {
        "url": "https://lgtm.com/projects/g/ukiuni/monitor-remote-job-plugin/snapshot/43c7ebfd6bcf928a785c93380b6cb73ebef208e5/files/pom.xml#L16", 
        "line": 16, 
        "value": "repository", 
        "file": "/pom.xml"
      }, 
      {
        "value": "Downloading or uploading artifacts over insecure protocol (eg. http or ftp) to/from repository http://repo.jenkins-ci.org/public/"
      }
    ], 
    [
      {
        "url": "https://lgtm.com/projects/g/ukiuni/monitor-remote-job-plugin/snapshot/43c7ebfd6bcf928a785c93380b6cb73ebef208e5/files/pom.xml#L23", 
        "line": 23, 
        "value": "pluginRepository", 
        "file": "/pom.xml"
      }, 
      {
        "value": "Downloading or uploading artifacts over insecure protocol (eg. http or ftp) to/from repository http://repo.jenkins-ci.org/public/"
      }
    ]
  ], 
  "columns": [
    "repository", 
    "col1"
  ]
}