{
  "project": {
    "url": "https://lgtm.com/projects/g/wso2/product-app-manager", 
    "url-identifier": "g/wso2/product-app-manager", 
    "id": 13130135, 
    "name": "wso2/product-app-manager"
  }, 
  "data": [
    [
      {
        "url": "https://lgtm.com/projects/g/wso2/product-app-manager/snapshot/0ad83d273c526885882d59bb608e85fbf86d5bc5/files/modules/distribution/resources/migrations/Migration-client/pom.xml#L13", 
        "line": 13, 
        "value": "repository", 
        "file": "/modules/distribution/resources/migrations/Migration-client/pom.xml"
      }, 
      {
        "value": "Downloading or uploading artifacts over insecure protocol (eg. http or ftp) to/from repository http://maven.wso2.org/nexus/content/groups/wso2-public/"
      }
    ], 
    [
      {
        "url": "https://lgtm.com/projects/g/wso2/product-app-manager/snapshot/0ad83d273c526885882d59bb608e85fbf86d5bc5/files/modules/distribution/resources/migrations/Migration-client/pom.xml#L23", 
        "line": 23, 
        "value": "repository", 
        "file": "/modules/distribution/resources/migrations/Migration-client/pom.xml"
      }, 
      {
        "value": "Downloading or uploading artifacts over insecure protocol (eg. http or ftp) to/from repository http://maven.wso2.org/nexus/content/repositories/releases/"
      }
    ], 
    [
      {
        "url": "https://lgtm.com/projects/g/wso2/product-app-manager/snapshot/0ad83d273c526885882d59bb608e85fbf86d5bc5/files/modules/distribution/resources/migrations/Migration-client/pom.xml#L33", 
        "line": 33, 
        "value": "repository", 
        "file": "/modules/distribution/resources/migrations/Migration-client/pom.xml"
      }, 
      {
        "value": "Downloading or uploading artifacts over insecure protocol (eg. http or ftp) to/from repository http://maven.wso2.org/nexus/content/repositories/snapshots/"
      }
    ], 
    [
      {
        "url": "https://lgtm.com/projects/g/wso2/product-app-manager/snapshot/0ad83d273c526885882d59bb608e85fbf86d5bc5/files/modules/puppet-scripts/puppet-modules/pom.xml#L168", 
        "line": 168, 
        "value": "repository", 
        "file": "/modules/puppet-scripts/puppet-modules/pom.xml"
      }, 
      {
        "value": "Downloading or uploading artifacts over insecure protocol (eg. http or ftp) to/from repository http://repo1.maven.org/maven2"
      }
    ], 
    [
      {
        "url": "https://lgtm.com/projects/g/wso2/product-app-manager/snapshot/0ad83d273c526885882d59bb608e85fbf86d5bc5/files/modules/puppet-scripts/puppet-modules/pom.xml#L179", 
        "line": 179, 
        "value": "repository", 
        "file": "/modules/puppet-scripts/puppet-modules/pom.xml"
      }, 
      {
        "value": "Downloading or uploading artifacts over insecure protocol (eg. http or ftp) to/from repository http://maven.wso2.org/nexus/content/groups/wso2-public/"
      }
    ], 
    [
      {
        "url": "https://lgtm.com/projects/g/wso2/product-app-manager/snapshot/0ad83d273c526885882d59bb608e85fbf86d5bc5/files/modules/samples/BPSWorkFlow/UserCreation/UserCreationProcess/pom.xml#L23", 
        "line": 23, 
        "value": "repository", 
        "file": "/modules/samples/BPSWorkFlow/UserCreation/UserCreationProcess/pom.xml"
      }, 
      {
        "value": "Downloading or uploading artifacts over insecure protocol (eg. http or ftp) to/from repository http://maven.wso2.org/nexus/content/groups/wso2-public/"
      }
    ], 
    [
      {
        "url": "https://lgtm.com/projects/g/wso2/product-app-manager/snapshot/0ad83d273c526885882d59bb608e85fbf86d5bc5/files/modules/samples/BPSWorkFlow/UserCreation/UserCreationProcess/pom.xml#L33", 
        "line": 33, 
        "value": "pluginRepository", 
        "file": "/modules/samples/BPSWorkFlow/UserCreation/UserCreationProcess/pom.xml"
      }, 
      {
        "value": "Downloading or uploading artifacts over insecure protocol (eg. http or ftp) to/from repository http://maven.wso2.org/nexus/content/groups/wso2-public/"
      }
    ], 
    [
      {
        "url": "https://lgtm.com/projects/g/wso2/product-app-manager/snapshot/0ad83d273c526885882d59bb608e85fbf86d5bc5/files/modules/samples/PizzaShack/pizza-shack-web/pom.xml#L86", 
        "line": 86, 
        "value": "repository", 
        "file": "/modules/samples/PizzaShack/pizza-shack-web/pom.xml"
      }, 
      {
        "value": "Downloading or uploading artifacts over insecure protocol (eg. http or ftp) to/from repository http://maven.wso2.org/nexus/content/groups/wso2-public/"
      }
    ], 
    [
      {
        "url": "https://lgtm.com/projects/g/wso2/product-app-manager/snapshot/0ad83d273c526885882d59bb608e85fbf86d5bc5/files/modules/samples/PizzaShack/pre-processor/pom.xml#L40", 
        "line": 40, 
        "value": "repository", 
        "file": "/modules/samples/PizzaShack/pre-processor/pom.xml"
      }, 
      {
        "value": "Downloading or uploading artifacts over insecure protocol (eg. http or ftp) to/from repository http://maven.wso2.org/nexus/content/groups/wso2-public/"
      }
    ], 
    [
      {
        "url": "https://lgtm.com/projects/g/wso2/product-app-manager/snapshot/0ad83d273c526885882d59bb608e85fbf86d5bc5/files/modules/samples/webapps/travel-booking/pom.xml#L81", 
        "line": 81, 
        "value": "repository", 
        "file": "/modules/samples/webapps/travel-booking/pom.xml"
      }, 
      {
        "value": "Downloading or uploading artifacts over insecure protocol (eg. http or ftp) to/from repository http://maven.wso2.org/nexus/content/groups/wso2-public/"
      }
    ], 
    [
      {
        "url": "https://lgtm.com/projects/g/wso2/product-app-manager/snapshot/0ad83d273c526885882d59bb608e85fbf86d5bc5/files/pom.xml#L69", 
        "line": 69, 
        "value": "repository", 
        "file": "/pom.xml"
      }, 
      {
        "value": "Downloading or uploading artifacts over insecure protocol (eg. http or ftp) to/from repository http://maven.wso2.org/nexus/content/groups/wso2-public/"
      }
    ], 
    [
      {
        "url": "https://lgtm.com/projects/g/wso2/product-app-manager/snapshot/0ad83d273c526885882d59bb608e85fbf86d5bc5/files/pom.xml#L80", 
        "line": 80, 
        "value": "repository", 
        "file": "/pom.xml"
      }, 
      {
        "value": "Downloading or uploading artifacts over insecure protocol (eg. http or ftp) to/from repository http://maven.wso2.org/nexus/content/repositories/releases/"
      }
    ], 
    [
      {
        "url": "https://lgtm.com/projects/g/wso2/product-app-manager/snapshot/0ad83d273c526885882d59bb608e85fbf86d5bc5/files/pom.xml#L91", 
        "line": 91, 
        "value": "repository", 
        "file": "/pom.xml"
      }, 
      {
        "value": "Downloading or uploading artifacts over insecure protocol (eg. http or ftp) to/from repository http://maven.wso2.org/nexus/content/repositories/snapshots/"
      }
    ], 
    [
      {
        "url": "https://lgtm.com/projects/g/wso2/product-app-manager/snapshot/0ad83d273c526885882d59bb608e85fbf86d5bc5/files/pom.xml#L107", 
        "line": 107, 
        "value": "pluginRepository", 
        "file": "/pom.xml"
      }, 
      {
        "value": "Downloading or uploading artifacts over insecure protocol (eg. http or ftp) to/from repository http://dist.wso2.org/maven2"
      }
    ], 
    [
      {
        "url": "https://lgtm.com/projects/g/wso2/product-app-manager/snapshot/0ad83d273c526885882d59bb608e85fbf86d5bc5/files/pom.xml#L115", 
        "line": 115, 
        "value": "repository", 
        "file": "/pom.xml"
      }, 
      {
        "value": "Downloading or uploading artifacts over insecure protocol (eg. http or ftp) to/from repository http://maven.wso2.org/nexus/service/local/staging/deploy/maven2/"
      }
    ], 
    [
      {
        "url": "https://lgtm.com/projects/g/wso2/product-app-manager/snapshot/0ad83d273c526885882d59bb608e85fbf86d5bc5/files/pom.xml#L120", 
        "line": 120, 
        "value": "snapshotRepository", 
        "file": "/pom.xml"
      }, 
      {
        "value": "Downloading or uploading artifacts over insecure protocol (eg. http or ftp) to/from repository http://maven.wso2.org/nexus/content/repositories/snapshots/"
      }
    ]
  ], 
  "columns": [
    "repository", 
    "col1"
  ]
}