{
  "project": {
    "url": "https://lgtm.com/projects/g/wangweiomg/credit-center", 
    "url-identifier": "g/wangweiomg/credit-center", 
    "id": 1506704196908, 
    "name": "wangweiomg/credit-center"
  }, 
  "data": [
    [
      {
        "url": "https://lgtm.com/projects/g/wangweiomg/credit-center/snapshot/e66b26446888238eb6806f91e98c144270c98a8b/files/pom.xml#L21", 
        "line": 21, 
        "value": "repository", 
        "file": "/pom.xml"
      }, 
      {
        "value": "Downloading or uploading artifacts over insecure protocol (eg. http or ftp) to/from repository http://maven.aliyun.com/nexus/content/groups/public"
      }
    ], 
    [
      {
        "url": "https://lgtm.com/projects/g/wangweiomg/credit-center/snapshot/e66b26446888238eb6806f91e98c144270c98a8b/files/pom.xml#L35", 
        "line": 35, 
        "value": "repository", 
        "file": "/pom.xml"
      }, 
      {
        "value": "Downloading or uploading artifacts over insecure protocol (eg. http or ftp) to/from repository http://repo.springsource.org/libs-release"
      }
    ], 
    [
      {
        "url": "https://lgtm.com/projects/g/wangweiomg/credit-center/snapshot/e66b26446888238eb6806f91e98c144270c98a8b/files/pom.xml#L40", 
        "line": 40, 
        "value": "repository", 
        "file": "/pom.xml"
      }, 
      {
        "value": "Downloading or uploading artifacts over insecure protocol (eg. http or ftp) to/from repository http://maven.net.cn/content/groups/public/"
      }
    ], 
    [
      {
        "url": "https://lgtm.com/projects/g/wangweiomg/credit-center/snapshot/e66b26446888238eb6806f91e98c144270c98a8b/files/pom.xml#L51", 
        "line": 51, 
        "value": "repository", 
        "file": "/pom.xml"
      }, 
      {
        "value": "Downloading or uploading artifacts over insecure protocol (eg. http or ftp) to/from repository http://repo1.maven.org/maven2"
      }
    ], 
    [
      {
        "url": "https://lgtm.com/projects/g/wangweiomg/credit-center/snapshot/e66b26446888238eb6806f91e98c144270c98a8b/files/pom.xml#L81", 
        "line": 81, 
        "value": "pluginRepository", 
        "file": "/pom.xml"
      }, 
      {
        "value": "Downloading or uploading artifacts over insecure protocol (eg. http or ftp) to/from repository http://maven.aliyun.com/nexus/content/groups/public"
      }
    ], 
    [
      {
        "url": "https://lgtm.com/projects/g/wangweiomg/credit-center/snapshot/e66b26446888238eb6806f91e98c144270c98a8b/files/pom.xml#L86", 
        "line": 86, 
        "value": "pluginRepository", 
        "file": "/pom.xml"
      }, 
      {
        "value": "Downloading or uploading artifacts over insecure protocol (eg. http or ftp) to/from repository http://maven.oschina.net/content/groups/public"
      }
    ]
  ], 
  "columns": [
    "repository", 
    "col1"
  ]
}